File_index,Function,Line,Variable,out_xor,out_xor_relative,diffnormr,outcome,iter,bit,DI
48785,matvec,25,Ap,9.095016406668321e-13,1.8591225339124684e-11,3.477474097e-07,Masked,6,18,762
43991,daxpby,40,y,9.313225746154783e-10,9.313613484925928e-10,3.477474097e-07,Masked,5,24,687
43627,dot,57,sum,0.0078125,0.0016986733400280627,1.13232354382e-05,Masked,5,44,681
22543,dot,57,sum,9.5367431640625e-07,4.373607023895193e-12,3.477473477e-07,Masked,2,16,352
18905,matvec,25,Ap,2.384185791015625e-07,5.39255875211996e-09,3.477549567e-07,Masked,2,26,295
50514,dot,57,sum,-4.547005133526128e-13,5.708105418142102e-11,3.477474097e-07,Masked,6,19,789
1864,readA,167,A,-4.547473508864641e-13,4.1020373726102654e-14,3.477474094e-07,Masked,0,9,29
50944,daxpby,40,y,-2.220446049250313e-16,1.110225368422148e-16,3.477474097e-07,Masked,6,1,796
40282,matvec,25,Ap,5.960464477539063e-08,8.231380776041837e-09,3.475993946e-07,Masked,5,27,629
8880,matvec,25,Ap,0.0,0,3.477474097e-07,Masked,0,49,138
3412,readA,167,A,9.313225746154783e-10,1.223454196085381e-10,3.477476359e-07,Masked,0,21,53
9961,dot_r2,48,sum,-64.0,0.0003605024805272399,0.005734720158096999,Masked,0,42,155
8814,matvec,25,Ap,0.0,0,3.477474097e-07,Masked,0,47,137
7744,matvec,25,Ap,0.0,0,3.477474097e-07,Masked,0,1,121
16681,daxpby,40,y,-0.015625,0.00047901837430212765,0.0130998956358432,Masked,1,42,260
19147,matvec,25,Ap,4.656612873077394e-10,-2.631735923988311e-13,3.477474226e-07,Masked,2,12,299
23578,daxpby,40,y,1.4901161193847656e-08,1.007318988849608e-08,3.47754633e-07,Masked,2,27,368
28995,matvec,25,Ap,5.684341886080803e-14,-9.230608944920017e-16,3.477474097e-07,Masked,3,4,453
41930,matvec,25,Ap,2.273736754432321e-13,-2.0936089882271223e-13,3.477474085e-07,Masked,5,11,655
23191,daxpby,40,y,3.725290298461914e-09,1.8572505749192165e-09,3.477474097e-07,Masked,2,24,362
43387,dot,57,sum,-1.803814428451499,1.0,0.0476655619387241,Masked,5,60,677
15792,daxpby,40,y,-0.0625,0.03599373439341162,3.477474097e-07,Masked,1,49,246
270,readA,167,A,-2.9103830456733704e-11,2.0694718035479096e-12,3.477473712e-07,Masked,0,15,4
28630,matvec,25,Ap,2.9802322387695312e-08,-6.345936368290622e-10,3.477467749e-07,Masked,3,23,447
17167,dot_r2,48,sum,-1.4901161193847656e-08,5.464937862229141e-12,3.4774735399999996e-07,Masked,2,16,268
15039,matvec,25,Ap,-40384.497420875,2.0,28.09916028613303,SDC,1,64,234
34655,matvec,25,Ap,-2.384185791015625e-07,3.063711381752044e-07,3.477466803e-07,Masked,4,32,541
9698,waxpby,33,r,-0.00048828125,2.636798275835999e-06,2.836791931e-07,Masked,0,35,151
41380,matvec,25,Ap,-1.9073486327847442e-06,-1.070452957493134e-05,3.359914953e-07,Masked,5,37,646
43220,dot,57,sum,1.1641532182693479e-10,1.4914570297179258e-10,3.477471514e-07,Masked,5,21,675
26246,matvec,25,Ap,-3.637978807091713e-12,-7.32477861000898e-15,3.477474096e-07,Masked,3,7,410
25095,matvec,25,Ap,-7.275957614183426e-12,-1.6849497209938838e-14,3.477474096e-07,Masked,3,8,392
9168,matvec,25,Ap,0.0,0,3.477474097e-07,Masked,0,17,143
40090,matvec,25,Ap,7.450580596923828e-09,-7.963494131310275e-09,3.476636779e-07,Masked,5,27,626
6535,matvec,25,Ap,0.0,0,3.477474097e-07,Masked,0,8,102
9785,dot_r2,48,sum,168398777320604.8,4294967294.9999995,2.462062852825079e+17,SDC,0,58,152
5256,matvec,25,Ap,0.0,0,3.477474097e-07,Masked,0,9,82
28257,matvec,25,Ap,0.0001220703125,-1.611064520317464e-06,3.552073612e-07,Masked,3,34,441
36721,solve_cg,90,p_ap_dot,-32.0,0.08783662420491577,0.0036190359279914,Masked,4,50,573
14234,matvec,25,Ap,-6.103515625e-05,9.548944216225575e-09,3.479232112e-07,Masked,1,27,222
40427,matvec,25,Ap,-0.0078125,0.001035879765949771,2.02404486658e-05,Masked,5,44,631
50431,dot,57,sum,-0.0107546595455808,2.0,3.477474097e-07,Masked,6,64,787
18172,matvec,25,Ap,-1.6661827338405366e+80,-1.157920892373162e+77,128.98092626041998,SDC,2,61,283
40935,matvec,25,Ap,-0.0009765625,-0.00010299865644418939,4.5377497953e-06,Masked,5,40,639
40921,matvec,25,Ap,-5.960464477539063e-08,-6.286539089611169e-09,3.474488058e-07,Masked,5,26,639
16436,daxpby,40,y,-12.531832611345337,0.5,0.0078098824628493,Masked,1,53,256
31235,dot_r2,48,sum,-7.105427357601002e-15,1.1549633941986346e-15,3.477474096e-07,Masked,4,4,488
49475,matvec,25,Ap,-9.714451465470121e-17,2.3501830467124665e-15,3.477474097e-07,Masked,6,4,773
8371,matvec,25,Ap,0.0,0,3.477474097e-07,Masked,0,52,130
51056,daxpby,40,y,-0.03125,0.03125010346688712,3.477474097e-07,Masked,6,49,797
35243,matvec,25,Ap,-0.0078125,-0.0017667691320364793,6.5347955012e-06,Masked,4,44,550
11735,matvec,25,Ap,3.0517578125e-05,1.2601193473573747e-09,3.477359116e-07,Masked,1,24,183
36864,daxpby,40,y,-4.440892098500626e-16,2.220404350191413e-16,3.477474097e-07,Masked,4,1,576
14556,matvec,25,Ap,6.103515625e-05,4.8102068396794455e-08,3.476500931e-07,Masked,1,29,227
38151,dot_r2,48,sum,9.020562075079397e-16,1.4702896134349556e-14,3.477474098e-07,Masked,5,8,596
2541,readA,167,A,-0.015625,0.004112558556253748,0.0050888263053193,Masked,0,46,39
6099,matvec,25,Ap,0.0,0,3.477474097e-07,Masked,0,20,95
406,readA,167,A,-3.725290298461914e-09,7.45542364012045e-10,3.477530625e-07,Masked,0,23,6
29680,solve_cg,90,p_ap_dot,-512.0,0.05057806755398958,0.0409387851285151,Masked,3,49,463
43242,dot,57,sum,0.00048828125,0.0006255624185574015,7.134584028e-07,Masked,5,43,675
38886,daxpby,40,y,4.768371581996556e-07,3.5589103726210646e-05,2.033364649e-07,Masked,5,39,607
15402,dot,57,sum,-32768.0,0.0009603863533762971,0.0056647816318455,Masked,1,43,240
38551,daxpby,40,y,1.1641540509366166e-10,-1.0102931212549447e-09,3.477665765e-07,Masked,5,24,602
3311,readA,167,A,-0.03125,0.02403415387857407,0.0079372002790617,Masked,0,48,51
44517,daxpby,40,y,-2.980232239983838e-08,1.598874479626319e-05,3.438286493e-07,Masked,5,38,695
14628,matvec,25,Ap,-0.03125,1.0899746746638922e-05,6.991703889e-07,Masked,1,37,228
2440,readA,167,A,-4.547473508864641e-13,3.2360232930026355e-14,3.477474103e-07,Masked,0,9,38
1764,readA,167,A,-0.0009765625,1.4931757900519728e-05,4.534019996e-07,Masked,0,37,27
46927,matvec,25,Ap,3.637978807091713e-12,6.749081407849221e-12,3.477474097e-07,Masked,6,16,733
49270,matvec,25,Ap,-0.19975456355992272,-14.99999999999994,3.477474097e-07,Masked,6,55,769
3150,readA,167,A,2.9103830456733704e-11,2.553547732049097e-12,3.477473737e-07,Masked,0,15,49
25451,matvec,25,Ap,0.5,-0.001450873451029202,0.0017563741208594,Masked,3,44,397
10384,waxpby,33,r,-1.862645149230957e-09,9.406771384184811e-12,3.47747506e-07,Masked,1,17,162
43314,dot,57,sum,0.125,0.15771744070289043,0.0010810574971091,Masked,5,51,676
35646,matvec,25,Ap,87.52022635632395,-1.0,0.55497995045895,SDC,4,63,556
19206,matvec,25,Ap,-1.4551915228366852e-11,-9.672250205730846e-15,3.477474093e-07,Masked,2,7,300
21396,matvec,25,Ap,-5.960464477539063e-08,-1.3811371891929347e-10,3.477495393e-07,Masked,2,21,334
19766,matvec,25,Ap,20134.660706433027,15.0,33.140726189275554,SDC,2,55,308
36390,dot,57,sum,-0.001953125,3.93308099197038e-05,4.2402939200000004e-07,Masked,4,39,568
38463,solve_cg,83,rtrans,-0.2142366472834536,2.0,,DUE,5,64,600
7638,matvec,25,Ap,0.0,0,3.477474097e-07,Masked,0,23,119
9112,matvec,25,Ap,0.0,0,3.477474097e-07,Masked,0,25,142
13880,matvec,25,Ap,1753281758.2815056,65535.0,1180.7716418984974,SDC,1,57,216
5912,matvec,25,Ap,0.0,0,3.477474097e-07,Masked,0,25,92
51348,daxpby,40,y,-4.656612873077394e-10,2.3283034988599869e-10,3.477474097e-07,Masked,6,21,802
25759,matvec,25,Ap,1.52587890625e-05,3.259167689514771e-07,3.495126125e-07,Masked,3,32,402
41197,matvec,25,Ap,0.0078125,-0.004820991152245329,4.8975504749e-05,Masked,5,46,643
31544,daxpby,40,y,-0.0484660292086888,0.9999847412109384,0.0456821237416996,Masked,4,57,492
37021,daxpby,40,y,-2.384185791015625e-07,1.1906163085568681e-07,3.477474097e-07,Masked,4,30,578
30405,daxpby,40,y,-1.8318679906315087e-15,-4.061161755367335e-15,3.477474097e-07,Masked,3,6,475
42820,matvec,25,Ap,-1.7763568394002505e-15,2.4547988896269837e-15,3.477474097e-07,Masked,5,5,669
26152,matvec,25,Ap,-0.001953125,-0.00017498057934877336,3.6349214600000004e-07,Masked,3,41,408
9508,waxpby,33,r,-0.001953125,1.2420026949669997e-05,8.010675409e-07,Masked,0,37,148
22203,dot,57,sum,7.701522391691864e+42,3.402823669209385e+38,3.931390774750721,SDC,2,60,346
47878,matvec,25,Ap,-1.8041124150158798e-15,-7.62111058043588e-15,3.477474097e-07,Masked,6,7,748
46603,matvec,25,Ap,5.6815663285192386e-14,-4.4915657959334633e-13,3.477474097e-07,Masked,6,12,728
37758,daxpby,40,y,-2.1837322353047467e+307,-inf,,DUE,4,63,589
21815,matvec,25,Ap,-61277.50426864836,-255.0,41.77581312763056,SDC,2,56,340
36044,matvec,25,Ap,-3.637978807091713e-12,-8.967959698714942e-13,3.477474085e-07,Masked,4,13,563
34419,matvec,25,Ap,32.0,0.47972678078903397,0.0047983395315837,Masked,4,52,537
46243,matvec,25,Ap,-2.384185791015625e-07,-6.724005837140463e-06,3.477474097e-07,Masked,6,36,722
44912,solve_cg,82,oldrtrans,-0.00390625,0.036466683450583445,3.477474097e-07,Masked,6,49,701
44605,daxpby,40,y,0.0039660510774992,-1.0,0.0005657780306639,Masked,5,62,696
31842,daxpby,40,y,3.814697265625e-06,2.8824556299148233e-06,3.247044261e-07,Masked,4,35,497
50034,matvec,25,Ap,0.0078125,0.222371534216818,3.477474097e-07,Masked,6,51,781
25460,matvec,25,Ap,172.30999700398286,-0.5,0.0267353308664416,Masked,3,53,397
19577,matvec,25,Ap,-1201536132363.4424,-4294967295.0,67.93979705900361,SDC,2,58,305
31265,dot_r2,48,sum,-7.62939453125e-06,1.240132501540073e-06,3.312934394e-07,Masked,4,34,488
50367,dot,57,sum,-0.010355969922559001,2.0,3.477474097e-07,Masked,6,64,786
7080,matvec,25,Ap,0.0,0,3.477474097e-07,Masked,0,41,110
18299,matvec,25,Ap,-4.586256831638802e+41,-3.402823669209385e+38,128.98092626042,SDC,2,60,285
36912,daxpby,40,y,0.125,0.06249882627583672,3.477474097e-07,Masked,4,49,576
48831,matvec,25,Ap,-0.0978420329027816,2.0,3.477474097e-07,Masked,6,64,762
2430,readA,167,A,-4.489207,1.0,0.0032932181759405,Masked,0,63,37
20598,matvec,25,Ap,307.0106479570797,-0.9375,0.0161581192217848,Masked,2,55,321
24489,daxpby,40,y,-0.001953125,-0.0002665031928512349,0.0004729957638777,Masked,3,42,382
49129,matvec,25,Ap,0.0001220703125,0.00044390828750425615,3.477474097e-07,Masked,6,42,767
46204,matvec,25,Ap,0.178815818932373,-1.0,3.477474097e-07,Masked,6,61,721
11892,matvec,25,Ap,-14010.520846424499,0.5,0.1447176964169105,SDC,1,53,185
16223,daxpby,40,y,-7.62939453125e-06,-3.341215552009725e-07,3.489999259e-07,Masked,1,32,253
33899,matvec,25,Ap,0.03125,0.0013356128548095917,1.30025266943e-05,Masked,4,44,529
2614,readA,167,A,240.84599999999998,15.0,451.8520840243764,SDC,0,55,40
43638,dot,57,sum,68.98766068705359,15.0,0.0551912751123679,Masked,5,55,681
22781,daxpby,40,y,-1.1414960338202862,1.0,3.477474097e-07,Masked,2,62,355
28092,matvec,25,Ap,1.383643990846872e+78,1.157920892373162e+77,76.12852560723475,SDC,3,61,438
33447,matvec,25,Ap,-0.00048828125,-7.644979152885723e-05,6.661200983e-07,Masked,4,40,522
38067,dot_r2,48,sum,0.015625,0.4848219118881027,0.0357766072686905,Masked,5,52,594
5301,matvec,25,Ap,0.0,0,3.477474097e-07,Masked,0,54,82
36791,solve_cg,91,alpha,-0.0179546089274447,0.9960937500000011,0.3533692888942531,SDC,4,56,574
36457,dot,57,sum,-0.03125,0.00028790888890585926,1.6369849566e-06,Masked,4,42,569
47805,matvec,25,Ap,-0.0201104716047581,1.0,3.477474097e-07,Masked,6,62,746
45473,solve_cg,83,rtrans,2.3283059998762716e-10,1.1587042871147666e-06,3.559599269e-07,Masked,6,34,710
22503,dot,57,sum,-16.0,0.00010716566437420557,0.0001893476468558,Masked,2,40,351
13538,matvec,25,Ap,0.0078125,2.4572668122226583e-06,3.307443297e-07,Masked,1,35,211
21795,matvec,25,Ap,0.0009765625,-4.0638639003352625e-06,3.466666128e-07,Masked,2,36,340
41507,matvec,25,Ap,-3.0517578125e-05,4.661197726559711e-06,1.596596054e-07,Masked,5,36,648
15591,solve_cg,90,p_ap_dot,-4096.0,0.00010054770621682297,0.0057322924756491,Masked,1,40,243
23283,daxpby,40,y,2.0,-0.31819864760654465,0.0031857779706723,Masked,2,52,363
22882,daxpby,40,y,-3.814697265625e-06,3.3299865544688438e-06,3.477474097e-07,Masked,2,35,357
45802,daxpby,40,y,-3.8146972655998474e-06,-0.0009006208417794367,3.477474097e-07,Masked,6,43,715
40570,matvec,25,Ap,1.1081996453006303e+20,1.8446744073709552e+19,0.6496340129593514,SDC,5,59,633
50674,dot,57,sum,0.001953125,0.20504369149351112,3.477474097e-07,Masked,6,51,791
25015,solve_cg,87,normr,3550.928621392221,255.0,3.477474097e-07,Masked,3,56,390
43374,dot,57,sum,-0.015625,0.008662199255947533,5.77357232829e-05,Masked,5,47,677
13484,matvec,25,Ap,-64.0,0.002692501146593843,0.0058375633276466,Masked,1,45,210
12669,matvec,25,Ap,8.196115125782807e+157,1.3407807929942597e+154,1529.5816854023974,SDC,1,62,197
21497,matvec,25,Ap,-4130721474783.4985,-4294967295.0000005,458.7687147445864,SDC,2,58,335
31222,dot_r2,48,sum,48.980765270976114,15.0,206.78888442440075,SDC,4,55,487
17144,dot_r2,48,sum,172358486.97005048,65535.0,184857.26394168407,SDC,2,57,267
46326,matvec,25,Ap,-0.2383732606696251,-15.000000000000036,3.477474097e-07,Masked,6,55,723
26623,matvec,25,Ap,201.04839453990704,-2.0,0.0580539345507644,Masked,3,64,415
11381,matvec,25,Ap,84130.279393785,3.0,66.20921500693298,SDC,1,54,177
18876,matvec,25,Ap,1.5776408840306948e+79,1.157920892373162e+77,289.7799650661437,SDC,2,61,294
12091,matvec,25,Ap,1.7534489755220692e+42,3.402823669209385e+38,1447.7741780604972,SDC,1,60,188
39601,matvec,25,Ap,0.5,-0.07381313725260717,0.0034031828084443,Masked,5,50,618
26789,matvec,25,Ap,0.00390625,-1.9865205427870387e-05,1.494143055e-07,Masked,3,38,418
43253,dot,57,sum,-0.5854107066478075,0.7499999999999999,0.0223412474425146,Masked,5,54,675
20268,matvec,25,Ap,1.0,-0.00201933030767303,0.0048729939512285,Masked,2,45,316
49064,matvec,25,Ap,6.103515625e-05,0.00020430531252247245,3.477474097e-07,Masked,6,41,766
44917,solve_cg,82,oldrtrans,-0.0803387427312951,0.75,3.477474097e-07,Masked,6,54,701
51441,daxpby,40,y,1.52587890625e-05,-0.10880194336048621,3.477474097e-07,Masked,6,50,803
24382,solve_cg,83,rtrans,-193.91148134136813,1.0,0.014175,Masked,3,63,380
14446,matvec,25,Ap,256.0,0.013005719706033229,0.0061691553029422,Masked,1,47,225
51005,daxpby,40,y,-1.9999957777996105,1.0,3.477474097e-07,Masked,6,62,796
7589,matvec,25,Ap,0.0,0,3.477474097e-07,Masked,0,38,118
11191,matvec,25,Ap,-21413.07706406557,0.99609375,0.4685760842256883,SDC,1,56,174
13602,matvec,25,Ap,0.015625,2.8947702860513245e-06,3.185612809e-07,Masked,1,35,212
20087,matvec,25,Ap,-73141.65813703023,-255.0,104.36368307211329,SDC,2,56,313
40430,matvec,25,Ap,0.0625,0.008287038127598168,0.0001230987329713,Masked,5,47,631
6013,matvec,25,Ap,0.0,0,3.477474097e-07,Masked,0,62,93
8501,matvec,25,Ap,0.0,0,3.477474097e-07,Masked,0,54,132
50292,dot,57,sum,-0.00016856134013029994,0.5000000000001482,3.477474097e-07,Masked,6,53,785
2720,readA,167,A,1.52587890625e-05,9.433161158813009e-07,3.293234844e-07,Masked,0,33,42
15535,dot,57,sum,1048576.0,0.02574021279150668,0.0174858652678131,Masked,1,48,242
10680,waxpby,33,r,10305778.5135,65534.99999999999,554.6341000671468,SDC,1,57,166
35128,matvec,25,Ap,4575923.837167554,65534.99999999999,2.6562473874811867,SDC,4,57,548
30694,daxpby,40,y,-6.103515625e-05,-3.592357514785963e-05,5.990012386e-07,Masked,3,39,479
22846,daxpby,40,y,,,3.477474097e-07,Masked,2,63,356
5475,matvec,25,Ap,0.0,0,3.477474097e-07,Masked,0,36,85
45812,daxpby,40,y,0.0021178153383963,-0.4999999999999881,3.477474097e-07,Masked,6,53,715
5279,matvec,25,Ap,0.0,0,3.477474097e-07,Masked,0,32,82
4918,waxpby,33,r,0.0,0,3.477474097e-07,Masked,0,55,76
18934,matvec,25,Ap,-41.44923183634191,0.9375,0.0064034145857296,Masked,2,55,295
51748,daxpby,40,y,3.725290300034006e-09,-8.910797250238703e-06,3.477474097e-07,Masked,6,37,808
24305,dot_r2,48,sum,16.0,0.0825118754666882,0.0026990089085654,Masked,3,50,379
28274,matvec,25,Ap,-16.0,-0.21116544880705065,0.0049736582042838,Masked,3,51,441
27120,matvec,25,Ap,4.0,-0.038809829121054504,0.0346706303880663,Masked,3,49,423
28640,matvec,25,Ap,-3.0517578125e-05,-6.498238841129597e-07,3.483992675e-07,Masked,3,33,447
43510,dot,57,sum,53.58778801598964,15.0,0.0519482670092061,Masked,5,55,679
14455,matvec,25,Ap,-19606.758085191388,0.99609375,0.2660424810637917,SDC,1,56,225
28601,matvec,25,Ap,1561453630311.9614,4294967295.0,26.989750807593612,SDC,3,58,446
19556,matvec,25,Ap,0.00390625,-1.3963138972019656e-05,4.963878479e-07,Masked,2,37,305
21181,matvec,25,Ap,3.473090159146966e+155,1.3407807929942597e+154,458.7687180334642,SDC,2,62,330
8115,matvec,25,Ap,0.0,0,3.477474097e-07,Masked,0,52,126
5240,matvec,25,Ap,0.0,0,3.477474097e-07,Masked,0,57,81
18737,matvec,25,Ap,16.0,0.0691173357259091,0.0054098462024111,Masked,2,50,292
25192,matvec,25,Ap,-0.0625,-0.0001255959807471776,2.84984165989e-05,Masked,3,41,393
15093,dot,57,sum,17363634.351877578,3.0000000000000004,2.603421909569542,SDC,1,54,235
21567,matvec,25,Ap,1736.8358706082943,-2.0,0.6760258468388538,SDC,2,64,336
32995,matvec,25,Ap,-0.0001220703125,-4.809856900814268e-06,4.995641575e-07,Masked,4,36,515
30782,daxpby,40,y,-1.1576135004737799e+308,-inf,,DUE,3,63,480
31792,daxpby,40,y,-0.0625,0.051641753374969665,0.0051446747982812,Masked,4,49,496
51063,daxpby,40,y,-0.9960904520038926,0.99609375,3.477474097e-07,Masked,6,56,797
7487,matvec,25,Ap,-0.0,0,3.477474097e-07,Masked,0,64,116
28985,matvec,25,Ap,-320225748877.8913,-4294967295.0,1225.3114324374192,SDC,3,58,452
33531,matvec,25,Ap,-8.41511414969174e+39,-3.402823669209385e+38,7.890839485740032,SDC,4,60,523
43574,dot,57,sum,53.43830065210405,15.0,0.0519090063400553,Masked,5,55,680
28401,matvec,25,Ap,2.0,0.07106382464678879,0.0097721287616821,Masked,3,50,443
11316,matvec,25,Ap,-13665.3738608191,0.5,0.1068390900858282,SDC,1,53,176
40510,matvec,25,Ap,-7.758626864110335,1.0,0.0203339873151241,Masked,5,63,632
30451,daxpby,40,y,0.125,-0.2771188873964188,0.004745561620088001,Masked,3,52,475
15609,solve_cg,90,p_ap_dot,1.7496357403105622e+17,4294967294.9999995,30.22877885669929,SDC,1,58,243
34805,matvec,25,Ap,10.752178141116689,-0.75,0.0009103142437192,Masked,4,54,543
4472,readB,175,b,14783948.900999999,65535.0,6.174518672769677,SDC,0,57,69
11317,matvec,25,Ap,81992.2431649146,3.0,60.359755319554345,SDC,1,54,176
37439,daxpby,40,y,0.0123207381889798,-2.0,0.0020799080131648,Masked,4,64,584
35250,matvec,25,Ap,-1.0,-0.22614644890066934,0.0008907924662637,Masked,4,51,550
39419,matvec,25,Ap,-2.4899785817253266e+39,-3.402823669209385e+38,0.7287912472549953,SDC,5,60,615
36152,matvec,25,Ap,-2980794.5306753414,-65535.0,9.007074883759438,SDC,4,57,564
17911,daxpby,40,y,8899.363216174948,255.0,60.46721052002147,SDC,2,56,279
16952,dot_r2,48,sum,91331668.3787007,65535.0,184793.67823244355,SDC,2,57,264
42362,matvec,25,Ap,-0.7790725385300208,1.0,0.0021084059861898,Masked,5,59,661
19766,matvec,25,Ap,20134.660706433027,15.0,33.140726189275554,SDC,2,55,308
14526,matvec,25,Ap,-20178.920728021498,1.0,0.3301982652309019,SDC,1,63,226
30136,daxpby,40,y,-1.9758186778509603,0.9999847412109375,3.477474097e-07,Masked,3,57,470
49846,matvec,25,Ap,0.7349383145219953,14.999999999999996,3.477474097e-07,Masked,6,55,778
30899,dot_r2,48,sum,0.03125,0.35510632141502146,0.00032776305854799996,Masked,4,52,482
1520,readA,167,A,0.5,0.040481994823162504,0.005143656101126,Masked,0,49,23
42173,matvec,25,Ap,0.7438068681795762,-1.0,0.0016199615521300002,Masked,5,62,658
35444,matvec,25,Ap,-2.4401561676541723,0.5,0.0067023054089146,Masked,4,53,553
5876,matvec,25,Ap,0.0,0,3.477474097e-07,Masked,0,53,91
23417,daxpby,40,y,-24677174272.07561,-4294967295.0,24677174164.942062,SDC,2,58,365
46519,matvec,25,Ap,0.0778264588097234,-0.9960937500000003,3.477474097e-07,Masked,6,56,726
21951,matvec,25,Ap,544.8923214952529,-2.0,0.0369939385778501,Masked,2,64,342
36729,solve_cg,90,p_ap_dot,1564711242993.196,4294967295.0,0.3564097662134467,SDC,4,58,573
6511,matvec,25,Ap,0.0,0,3.477474097e-07,Masked,0,48,101
16059,daxpby,40,y,-1.7044153884046875,1.0,3.477474097e-07,Masked,1,60,250
45821,daxpby,40,y,0.0042356306767927,-1.0,3.477474097e-07,Masked,6,62,715
14333,matvec,25,Ap,1.153297937280576e+158,1.3407807929942597e+154,2662.972188099842,SDC,1,62,223
17661,daxpby,40,y,3.695111968758471e+155,1.3407807929942597e+154,61.554241929841226,SDC,2,62,275
21881,matvec,25,Ap,-1364940145478.5645,-4294967295.0000005,32.83830843699081,SDC,2,58,341
51838,daxpby,40,y,-3.7613175862448763e+304,-inf,3.477474097e-07,Masked,6,63,809
43765,solve_cg,90,p_ap_dot,19.166995303070525,3.0,0.0322661339678243,Masked,5,54,683
19068,matvec,25,Ap,-2.2008584480683532e+79,-1.157920892373162e+77,85.54064513218799,SDC,2,61,297
18165,matvec,25,Ap,-4316.830479910481,-3.0,3.9096803413781367,SDC,2,54,283
25016,solve_cg,87,normr,912588.6556978008,65535.0,3.477474097e-07,Masked,3,57,390
39796,matvec,25,Ap,-0.7836884571129141,-1.0,0.0107641365573955,Masked,5,53,621
50742,dot,57,sum,0.16514165112115298,14.999999999999954,3.477474097e-07,Masked,6,55,792
29750,solve_cg,91,alpha,0.287334023518884,14.999999999999998,278.87918322446916,SDC,3,55,464
13311,matvec,25,Ap,-40098.276772717596,2.0,17.479193551858973,SDC,1,64,207
11453,matvec,25,Ap,3.9191115103434095e+158,1.3407807929942597e+154,1670.0985006461553,SDC,1,62,178
8948,matvec,25,Ap,0.0,0,3.477474097e-07,Masked,0,53,139
29686,solve_cg,90,p_ap_dot,-9490.279546319633,0.9375,278.87918322446916,SDC,3,55,463
41848,matvec,25,Ap,-0.057570231282232,0.999984741210938,0.0003229642941767,Masked,5,57,653
42363,matvec,25,Ap,-0.7790725385300208,1.0,0.0021084059861898,Masked,5,60,661
25845,matvec,25,Ap,-96.35298935893421,0.75,0.0032897035691398,Masked,3,54,403
47153,matvec,25,Ap,0.0625,0.12267625287979164,3.477474097e-07,Masked,6,50,736
51318,daxpby,40,y,-0.9375032171949086,0.9375,3.477474097e-07,Masked,6,55,801
39676,matvec,25,Ap,1.7385283618868128,-1.0,0.0081581652449705,Masked,5,61,619
1463,readA,167,A,3047.7447,255.0,1734342022.4047494,SDC,0,56,22
49392,matvec,25,Ap,0.00390625,0.03253253261420246,3.477474097e-07,Masked,6,49,771
26865,matvec,25,Ap,-16.0,-0.09453795657970435,0.0040113747974179995,Masked,3,50,419
18101,matvec,25,Ap,-3597.6952952119013,-3.0,2.206785387660545,SDC,2,54,282
1717,readA,167,A,-7.20913125,0.75,0.0433851308872127,Masked,0,54,26
31419,solve_cg,83,rtrans,2.2345471451640743e+39,3.402823669209385e+38,483.92211261822257,SDC,4,60,490
45887,daxpby,40,y,0.010422217092539,-2.0,3.477474097e-07,Masked,6,64,716
36285,dot,57,sum,1.7849342148855752e+155,1.3407807929942597e+154,0.3564097663950552,SDC,4,62,566
23474,daxpby,40,y,-0.5,-0.22690416099776356,0.005527423421618,Masked,2,51,366
3248,readA,167,A,-0.5,0.04183421268848404,0.0071318572307892,Masked,0,49,50
7221,matvec,25,Ap,0.0,0,3.477474097e-07,Masked,0,54,112
18808,matvec,25,Ap,555415.3136312454,65535.0,278.89674618109194,SDC,2,57,293
14323,matvec,25,Ap,4096.0,0.4761855502017105,0.0093723182592737,Masked,1,52,223
50491,dot,57,sum,-0.0063782143580465,1.0,3.477474097e-07,Masked,6,60,788
4918,waxpby,33,r,0.0,0,3.477474097e-07,Masked,0,55,76
48056,matvec,25,Ap,0.20809813591787785,-0.9999847412109377,3.477474097e-07,Masked,6,57,750
7473,matvec,25,Ap,0.0,0,3.477474097e-07,Masked,0,50,116
439,readA,167,A,1274.17176,255.0,64725279636.85272,SDC,0,56,6
2613,readA,167,A,-12.0423,0.75,0.0327669255383278,Masked,0,54,40
48879,matvec,25,Ap,0.001953125,0.023564877218821816,3.477474097e-07,Masked,6,48,763
28605,matvec,25,Ap,4.874465607946936e+156,1.3407807929942597e+154,26.989750868404666,SDC,3,62,446
25721,matvec,25,Ap,221414052258.928,4294967295.0,37.22656570907245,SDC,3,58,401
50230,matvec,25,Ap,0.2720647600847069,-0.9374999999999999,3.477474097e-07,Masked,6,55,784
50352,dot,57,sum,-0.000244140625,0.047149736205427666,3.477474097e-07,Masked,6,49,786
51889,daxpby,40,y,-1.52587890625e-05,-0.1196242635174132,3.477474097e-07,Masked,6,50,810
36028,matvec,25,Ap,-0.0480474297160924,1.0,1.280442321e-05,Masked,4,61,562
42877,matvec,25,Ap,-0.7236262192012702,1.0,0.0007264592796279,Masked,5,62,669
37688,daxpby,40,y,0.0081894087115919,-0.9999847412109315,0.0005374668545243,Masked,4,57,588
21820,matvec,25,Ap,-2.7825295068687666e+79,-1.157920892373162e+77,32.83830810384777,SDC,2,61,340
49779,matvec,25,Ap,-0.0078125,-0.45745207474747335,3.477474097e-07,Masked,6,52,777
3444,readA,167,A,-3.8061195,0.5,0.002103269264806,Masked,0,53,53
5361,matvec,25,Ap,0.0,0,3.477474097e-07,Masked,0,50,83
4662,waxpby,33,r,0.0,0,3.477474097e-07,Masked,0,55,72
39413,matvec,25,Ap,-21.952168173649603,-3.0,0.0887188816194704,SDC,5,54,615
48568,matvec,25,Ap,0.241382710383592,-0.9999847412109376,3.477474097e-07,Masked,6,57,758
23103,daxpby,40,y,-3.869081202373842,2.0,3.477474097e-07,Masked,2,64,360
13497,matvec,25,Ap,102090172636596.7,4294967295.0,2391.8492372018327,SDC,1,58,210
38127,dot_r2,48,sum,0.0009765625,0.01779156387956334,0.0004324790054576,Masked,5,48,595
25585,matvec,25,Ap,8.0,-0.0723508507291547,0.0050233692720468,Masked,3,50,399
19508,matvec,25,Ap,649.237357580918,-0.5,0.1051033684870615,SDC,2,53,304
51382,daxpby,40,y,30.00003785174971,15.0,3.477474097e-07,Masked,6,55,802
443,readA,167,A,1.700306597476933e+39,3.402823669209385e+38,1.462706660416331e+56,SDC,0,60,6
4535,readB,175,b,36370.242,255.0,0.0108809968693682,Masked,0,56,70
8378,matvec,25,Ap,0.0,0,3.477474097e-07,Masked,0,59,130
29239,dot,57,sum,-3321.740409452454,0.99609375,7.207338012580318,SDC,3,56,456
26556,matvec,25,Ap,-3.2004475008006575e+79,-1.157920892373162e+77,14.612290460955675,SDC,3,61,414
10428,waxpby,33,r,2.2928118961179144e+79,1.157920892373162e+77,554.7686899927463,SDC,1,61,162
19002,matvec,25,Ap,5.292370203949174e+21,1.8446744073709552e+19,289.77996506614386,SDC,2,59,296
19775,matvec,25,Ap,-2684.6214275244038,2.0,12.347500220393655,SDC,2,64,308
51707,daxpby,40,y,-0.0001617491244546,1.0,3.477474097e-07,Masked,6,60,807
16251,daxpby,40,y,-7.770071666600028e+39,-3.402823669209385e+38,7.770071666600028e+39,SDC,1,60,253
11135,matvec,25,Ap,-37435.0286407324,2.0,14.293556529133197,SDC,1,64,173
21942,matvec,25,Ap,255.41827570089973,-0.9375,9.38604586556e-05,Masked,2,55,342
46975,matvec,25,Ap,-1.0780663581448944,2.0,3.477474097e-07,Masked,6,64,733
49465,matvec,25,Ap,-0.114564808274733,0.9999999997671692,3.477474097e-07,Masked,6,58,772
34745,matvec,25,Ap,-13622492668.45882,-4294967295.0,2.6565124090388235,SDC,4,58,542
29114,matvec,25,Ap,-9.471363050853089e+20,-1.8446744073709552e+19,1225.3111859429605,SDC,3,59,454
36857,daxpby,40,y,-1.00198377154526,0.9999999997671694,3.477474097e-07,Masked,4,58,575
36792,solve_cg,91,alpha,-0.018024744118567502,0.9999847412109368,0.3563978645969554,SDC,4,57,574
51320,daxpby,40,y,-0.9999881728331436,0.9999847412109375,3.477474097e-07,Masked,6,57,801
8567,matvec,25,Ap,0.0,0,3.477474097e-07,Masked,0,56,133
10366,solve_cg,76,normr,-554.7828649927465,1.0,0.014175,Masked,0,63,161
32887,matvec,25,Ap,-5268.655736390104,-255.0,12.67291986173059,SDC,4,56,513
10751,waxpby,33,r,-451.1772,2.0,48.10523485908524,SDC,1,64,167
27575,matvec,25,Ap,100560.38374419027,255.0,8.323558761940895,SDC,3,56,430
12923,matvec,25,Ap,7.70031850330779e+42,3.402823669209385e+38,1529.581685402398,SDC,1,60,201
20735,matvec,25,Ap,1270.6204524290195,-2.0,0.1325726620204665,SDC,2,64,323
10749,waxpby,33,r,3.02464861998465e+156,1.3407807929942597e+154,554.7686899927463,SDC,1,62,167
50486,dot,57,sum,-0.005979575960668599,0.9375000000000009,3.477474097e-07,Masked,6,55,788
46775,matvec,25,Ap,-0.5887442914442484,0.99609375,3.477474097e-07,Masked,6,56,730
26486,matvec,25,Ap,260.9485335799766,-0.9375,0.1842137936875795,SDC,3,55,413
28088,matvec,25,Ap,783102.7968957946,65535.0,75.58176403722788,SDC,3,57,438
29238,dot,57,sum,50021.502636460486,15.0,0.8637412279410409,SDC,3,55,456
35066,matvec,25,Ap,1.328387885073008e+21,1.8446744073709552e+19,2.6565123200406946,SDC,4,59,547
28342,matvec,25,Ap,72.00193350364997,-0.9374999999999999,0.0284885063467872,Masked,3,55,442
17722,daxpby,40,y,-3.762624007953103e+20,-1.8446744073709552e+19,61.554241929841226,SDC,2,59,276
16444,daxpby,40,y,2.902174160080017e+78,1.157920892373162e+77,2.902174160080017e+78,SDC,1,61,256
49528,matvec,25,Ap,-0.0413342409574995,0.9999847412109364,3.477474097e-07,Masked,6,57,773
5435,matvec,25,Ap,0.0,0,3.477474097e-07,Masked,0,60,84
46071,daxpby,40,y,-1.3040167493764798,-255.00000000000054,3.477474097e-07,Masked,6,56,719
39095,solve_cg,87,normr,-0.3260108836130797,0.9960937500000001,0.0128965259466154,Masked,5,56,610
35769,matvec,25,Ap,-10888270713.13207,-4294967294.9999995,9.009162713861524,SDC,4,58,558
32054,solve_cg,87,normr,38.438488127199705,15.0,3.477474097e-07,Masked,4,55,500
13629,matvec,25,Ap,7.237085440417524e+157,1.3407807929942597e+154,1181.0725080552422,SDC,1,62,212
30710,daxpby,40,y,1.5928386511882089,-0.9375,0.0109455000618468,Masked,3,55,479
22519,dot,57,sum,38071895.73101777,255.0,3.8745222500756715,SDC,2,56,351
21116,matvec,25,Ap,-1.1800507030049042e+79,-1.157920892373162e+77,458.76871803346415,SDC,2,61,329
14077,matvec,25,Ap,1.326585088568329e+157,1.3407807929942597e+154,2662.972188099842,SDC,1,62,219
41590,matvec,25,Ap,67.32472792886418,15.0,0.36939187295406795,SDC,5,55,649
7863,matvec,25,Ap,0.0,0,3.477474097e-07,Masked,0,56,122
14838,matvec,25,Ap,105373.19374844551,15.0,113.95350423324531,SDC,1,55,231
11389,matvec,25,Ap,3.7600087573475896e+158,1.3407807929942597e+154,1670.0985006461553,SDC,1,62,177
38461,solve_cg,83,rtrans,-0.1071183236417268,1.0,0.014175,Masked,5,62,600
26875,matvec,25,Ap,-5.75908139726373e+40,-3.402823669209385e+38,246.4185549863225,SDC,3,60,419
51833,daxpby,40,y,0.0002092302358187,-0.9999999997672421,3.477474097e-07,Masked,6,58,809
33535,matvec,25,Ap,49.4595957224367,-2.0,0.0246229559848896,Masked,4,64,523
32316,matvec,25,Ap,-4.1854397443216555e+77,-1.157920892373162e+77,136.17209027981102,SDC,4,61,504
13432,matvec,25,Ap,1511640842.7945714,65535.0,2391.311792754529,SDC,1,57,209
956,readA,167,A,1.3197299157942803e+78,1.157920892373162e+77,,DUE,0,61,14
42301,matvec,25,Ap,0.7220664323743573,-1.0,0.0060871765103278,Masked,5,62,660
34490,matvec,25,Ap,1.340077343366798e+21,1.8446744073709552e+19,3.207291304426138,SDC,4,59,538
3704,readA,167,A,455723.96757,65535.0,inf,SDC,0,57,57
34295,matvec,25,Ap,-3923.642113102133,-255.0,3.57221609756188,SDC,4,56,535
43452,dot,57,sum,3.5433724056396306e+77,1.157920892373162e+77,0.0684187606524825,SDC,5,61,678
11070,matvec,25,Ap,-16752.973896216,1.0,0.1707130136279475,SDC,1,63,172
36670,dot,57,sum,-364.3127259233754,1.0,,DUE,4,63,572
24956,daxpby,40,y,-0.1578038193026263,1.0,0.0047252025607449,Masked,3,61,389
16633,daxpby,40,y,-42226877463.600784,-4294967295.0,42226878388.179054,SDC,1,58,259
21752,matvec,25,Ap,-24274993.45956756,-65534.99999999999,32.8570481391028,SDC,2,57,339
20408,matvec,25,Ap,-117533908.92820828,-65535.0,133.70078493912442,SDC,2,57,318
30712,daxpby,40,y,1.6990019694925012,-0.9999847412109375,0.0118278496141449,Masked,3,57,479
10295,solve_cg,75,rtrans,78484926.95883779,255.00000000000003,2969051939.785427,SDC,0,56,160
12150,matvec,25,Ap,-18205.30033597434,0.9375000000000001,0.16955370281473997,SDC,1,55,189
45497,solve_cg,83,rtrans,-0.0002009404837132,0.9999999997670952,0.0141747837013588,Masked,6,58,710
13238,matvec,25,Ap,-8983.10083844325,0.9375,0.0326043166948076,Masked,1,55,206
49974,matvec,25,Ap,0.8239711043794165,14.999999999999991,3.477474097e-07,Masked,6,55,780
45503,solve_cg,83,rtrans,-0.00040188096751999996,2.0,,DUE,6,64,710
15671,solve_cg,91,alpha,1.926630707594246,254.99999999999926,145740.25561766536,SDC,1,56,244
36735,solve_cg,90,p_ap_dot,-728.6254518467508,2.0,1.5175761428103975,SDC,4,64,573
2106,readA,167,A,2.5942412507364763e+20,1.8446744073709552e+19,5.815822377940363e+35,SDC,0,59,32
1786,readA,167,A,1.2064486063529706e+21,1.8446744073709552e+19,1.3788678687805909,SDC,0,59,27
5946,matvec,25,Ap,0.0,0,3.477474097e-07,Masked,0,59,92
1913,readA,167,A,47613534985.967545,4294967295.0,1.675984054519646e+27,SDC,0,58,29
32952,matvec,25,Ap,-516900.7866403832,-65535.0,15.044436785461244,SDC,4,57,514
42685,matvec,25,Ap,-9.486702663566565e+154,-1.3407807929942597e+154,0.4914116491161228,SDC,5,62,666
43256,dot,57,sum,-0.7805356986524266,0.9999847412109375,0.034151936913521,Masked,5,57,675
48952,matvec,25,Ap,-0.0359266006681262,0.9999847412109366,3.477474097e-07,Masked,6,57,764
33848,matvec,25,Ap,1242420.7731893312,65535.00000000001,14.917026950840258,SDC,4,57,528
11703,matvec,25,Ap,-22410.744028416728,0.99609375,1.228125155854089,SDC,1,56,182
9336,waxpby,33,r,15061496.1795,65535.0,8.082679071048432,SDC,0,57,145
24379,solve_cg,83,rtrans,6.598465784398615e+40,3.402823669209385e+38,2895.31564547317,SDC,3,60,380
26938,matvec,25,Ap,-2.681011953530592e+21,-1.8446744073709552e+19,246.4185549863225,SDC,3,59,420
36858,daxpby,40,y,-1.0019837717785525,1.0,3.477474097e-07,Masked,4,59,575
47935,matvec,25,Ap,0.4734513155201312,-2.0,3.477474097e-07,Masked,6,64,748
6774,matvec,25,Ap,0.0,0,3.477474097e-07,Masked,0,55,105
14457,matvec,25,Ap,84540621539763.55,4294967295.0000005,2662.9721783527293,SDC,1,58,225
50103,matvec,25,Ap,-0.0496917731137726,0.9960937499999997,3.477474097e-07,Masked,6,56,782
22333,dot,57,sum,1.3308528381977063e+159,1.3407807929942597e+154,3.931390774750721,SDC,2,62,348
892,readA,167,A,1.117656046014313e+78,1.157920892373162e+77,,DUE,0,61,13
30263,daxpby,40,y,512.252168086091,254.99999999999997,3.477474097e-07,Masked,3,56,472
1405,readA,167,A,2.1688054465429326e+155,1.3407807929942597e+154,,DUE,0,62,21
47416,matvec,25,Ap,-0.2132809945744452,0.9999847412109374,3.477474097e-07,Masked,6,57,740
46270,matvec,25,Ap,-6.37422770377576e+306,-1.7976931348623137e+308,3.477474097e-07,Masked,6,63,722
9531,waxpby,33,r,5.351147792075579e+40,3.402823669209385e+38,2.0060554581075426e+34,SDC,0,60,148
39934,matvec,25,Ap,-9.81346075303788e+307,-inf,8.319998176895481,SDC,5,63,623
24954,daxpby,40,y,-0.1578038193026263,1.0,0.0047252025607449,Masked,3,59,389
10169,dot_r2,48,sum,1174641527754833.0,4294967295.0,1.7173124072157087e+18,SDC,0,58,158
24440,solve_cg,84,beta,-0.0511541559584608,0.9999847412109371,0.0044056878128644,Masked,3,57,381
50424,dot,57,sum,-0.0053772477212497005,0.9999847412109417,3.477474097e-07,Masked,6,57,787
25272,matvec,25,Ap,-33325542.432118304,-65535.0,12.174811936083994,SDC,3,57,394
21626,matvec,25,Ap,-2.410907113131071e+21,-1.8446744073709552e+19,32.83830810384777,SDC,2,59,337
25082,matvec,25,Ap,-9.070591844599924e+21,-1.8446744073709552e+19,12.175863549384667,SDC,3,59,391
39800,matvec,25,Ap,0.7836764989760563,-0.9999847412109375,0.0030549623877127,Masked,5,57,621
38463,solve_cg,83,rtrans,-0.2142366472834536,2.0,,DUE,5,64,600
6460,matvec,25,Ap,0.0,0,3.477474097e-07,Masked,0,61,100
8310,matvec,25,Ap,0.0,0,3.477474097e-07,Masked,0,55,129
7929,matvec,25,Ap,0.0,0,3.477474097e-07,Masked,0,58,123
1465,readA,167,A,51333191411.8023,4294967295.0,2.090977723919501e+27,SDC,0,58,22
18102,matvec,25,Ap,-17988.476476059506,-15.000000000000002,53.47348254628525,SDC,2,55,282
10046,dot_r2,48,sum,-202259.46609688,1.0,43.77170797329156,SDC,0,63,156
41272,matvec,25,Ap,1.760831331784018,-0.9999847412109375,0.0214726421185462,Masked,5,57,644
39928,matvec,25,Ap,0.5458835449278091,-0.9999847412109374,0.0036589958340842,Masked,5,57,623
22009,matvec,25,Ap,-1262907099017.8762,-4294967295.0,32.83830846390615,SDC,2,58,343
8506,matvec,25,Ap,0.0,0,3.477474097e-07,Masked,0,59,132
28093,matvec,25,Ap,1.6021502846081736e+155,1.3407807929942597e+154,76.12852560723475,SDC,3,62,438
13367,matvec,25,Ap,-20979.57944801853,0.99609375,0.5486784132358269,SDC,1,56,208
1726,readA,167,A,-9.612175,1.0,0.0302585534161993,Masked,0,63,26
40568,matvec,25,Ap,393705.5963078264,65535.0,0.6495284784554661,SDC,5,57,633
47613,matvec,25,Ap,-0.158107196290686,1.0,3.477474097e-07,Masked,6,62,743
15544,dot,57,sum,-40736259.97163419,0.9999847412109376,36584256.79468681,SDC,1,57,242
19576,matvec,25,Ap,-18333706.644543424,-65535.0,68.00286108365746,SDC,2,57,305
20983,matvec,25,Ap,101231.46010949266,255.0,200.34046465348317,SDC,2,56,327
11261,matvec,25,Ap,3.1788044793151976e+158,1.3407807929942597e+154,1670.0985006461553,SDC,1,62,175
23415,daxpby,40,y,-1465.1286045192762,-255.0,1354.8493647013747,SDC,2,56,365
31035,dot_r2,48,sum,-0.5870383105269972,1.0,0.0425628214598005,Masked,4,60,484
45110,dot_r2,48,sum,0.0015031954124858,14.999999999993015,0.0271061808969392,Masked,6,55,704
8695,matvec,25,Ap,0.0,0,3.477474097e-07,Masked,0,56,135
4029,readA,167,A,3.5859946553683496e+154,1.3407807929942597e+154,,DUE,0,62,62
43386,dot,57,sum,-1.803814428451499,1.0,0.0476655619387241,Masked,5,59,677
1723,readA,167,A,3.270853660258272e+39,3.402823669209385e+38,4.731728986391026e+52,SDC,0,60,26
37753,daxpby,40,y,0.1214741377406192,-0.9999999997671694,0.0320739531420603,Masked,4,58,589
27703,matvec,25,Ap,-20235.115653939887,-255.0,104.00553648134621,SDC,3,56,432
383,readA,167,A,-32.1128,2.0,0.0249711172083342,Masked,0,64,5
33721,matvec,25,Ap,1.7757406264592406,-0.9999999997671694,0.0046897185838811,Masked,4,58,526
15550,dot,57,sum,-40736881.56711709,1.0,,DUE,1,63,242
7928,matvec,25,Ap,0.0,0,3.477474097e-07,Masked,0,57,123
26999,matvec,25,Ap,-35452.453630698816,-255.0,181.0233734098098,SDC,3,56,421
22076,matvec,25,Ap,2.2810587805496747e+80,1.157920892373162e+77,32.83830810384777,SDC,2,61,344
13690,matvec,25,Ap,1.624713164349974e+23,1.8446744073709552e+19,1181.0725080552422,SDC,1,59,213
9528,waxpby,33,r,10305778.5135,65534.99999999999,3.8492121047310377,SDC,0,57,148
27384,matvec,25,Ap,20701899.010954145,65535.0,8.5965873956875,SDC,3,57,427
17658,daxpby,40,y,5.0838127431081394e+20,1.8446744073709552e+19,61.554241929841226,SDC,2,59,275
34111,matvec,25,Ap,-66.1168824727236,2.0,0.0844484892904291,SDC,4,64,532
50491,dot,57,sum,-0.0063782143580465,1.0,3.477474097e-07,Masked,6,60,788
48381,matvec,25,Ap,-0.1016764090014822,1.0,3.477474097e-07,Masked,6,62,755
15100,dot,57,sum,6.701904994522458e+83,1.157920892373162e+77,30.228778864016718,SDC,1,61,235
7483,matvec,25,Ap,0.0,0,3.477474097e-07,Masked,0,60,116
23480,daxpby,40,y,-144411.19041586446,-65535.0,144549.70861378175,SDC,2,57,366
19832,matvec,25,Ap,83065049.27286705,65534.99999999999,67.92588668562611,SDC,2,57,309
39734,matvec,25,Ap,-38.86935232254279,-15.0,0.4653270620496986,SDC,5,55,620
41464,matvec,25,Ap,425125.9076862376,65535.0,0.8900166537220713,SDC,5,57,647
9912,dot_r2,48,sum,-136464.16316440614,0.9999847412109375,15.002781648320159,SDC,0,57,154
22651,solve_cg,90,p_ap_dot,7.419929405760972e+43,3.402823669209385e+38,3.931390774750721,SDC,2,60,353
34871,matvec,25,Ap,-2472.785871451672,-255.0,3.201851737278385,SDC,4,56,544
20278,matvec,25,Ap,464.2628283434847,-0.9375,0.019146961833887,Masked,2,55,316
49278,matvec,25,Ap,-2.3939827171272764e+306,-1.7976931348623091e+308,3.477474097e-07,Masked,6,63,769
46967,matvec,25,Ap,-0.5369275807166954,0.99609375,3.477474097e-07,Masked,6,56,733
15802,daxpby,40,y,-1.7364133245212852,1.0,3.477474097e-07,Masked,1,59,246
27071,matvec,25,Ap,276.56846734974886,-2.0,0.1749230101479434,SDC,3,64,422
9981,dot_r2,48,sum,2.3802879421560258e+159,1.3407807929942597e+154,,DUE,0,62,155
440,readA,167,A,327462.14232,65535.0,1.1885512488669872e+21,SDC,0,57,6
20923,matvec,25,Ap,1.5600439079299388e+41,3.402823669209385e+38,239.1979540079021,SDC,2,60,326
40120,matvec,25,Ap,0.9355776229925146,-0.9999847412109375,0.0019799120416435,Masked,5,57,626
43004,matvec,25,Ap,-0.4256239787582551,1.0,0.0013932756629304,Masked,5,61,671
9725,waxpby,33,r,2.4828525093435984e+156,1.3407807929942597e+154,,DUE,0,62,151
48189,matvec,25,Ap,0.2363011937608319,-1.0,3.477474097e-07,Masked,6,62,752
9855,dot_r2,48,sum,-184054.6576098,2.0,34.191497974275244,SDC,0,64,153
16701,daxpby,40,y,4.373464780146799e+155,1.3407807929942597e+154,,DUE,1,62,260
9470,waxpby,33,r,-202.6419,1.0,0.0283004223849277,Masked,0,63,147
13112,matvec,25,Ap,347172579.23031825,65534.99999999999,2389.509469197896,SDC,1,57,204
4284,readB,175,b,2.440959768850813e+79,1.157920892373162e+77,9.395779451037642e+72,SDC,0,61,66
38134,dot_r2,48,sum,0.8233361383608471,15.000000000000007,26.18661549529148,SDC,5,55,595
27448,matvec,25,Ap,21336328.967711788,65534.99999999999,8.5966278889071,SDC,3,57,428
8118,matvec,25,Ap,0.0,0,3.477474097e-07,Masked,0,55,126
10620,waxpby,33,r,2.3464328968019307e+79,1.157920892373162e+77,554.7686899927463,SDC,1,61,165
2232,readA,167,A,1100868.7263,65535.00000000001,8.698353972309083e+22,SDC,0,57,34
48058,matvec,25,Ap,0.2081013112918904,-1.0,3.477474097e-07,Masked,6,59,750
8184,matvec,25,Ap,0.0,0,3.477474097e-07,Masked,0,57,127
6393,matvec,25,Ap,0.0,0,3.477474097e-07,Masked,0,58,99
49913,matvec,25,Ap,-0.07492793796397959,0.9999999997671696,3.477474097e-07,Masked,6,58,779
30910,dot_r2,48,sum,1.5820025461836507e+307,1.7976931348623147e+308,,DUE,4,63,482
19452,matvec,25,Ap,-2.0026518841918736e+80,-1.157920892373162e+77,85.54064513218799,SDC,2,61,303
10166,dot_r2,48,sum,4102388.145501,15.0,18163979.50613448,SDC,0,55,158
40060,matvec,25,Ap,-2.415872185962598e+77,-1.157920892373162e+77,8.319998176895481,SDC,5,61,625
10616,waxpby,33,r,13280136.9165,65535.00000000001,554.6635844268885,SDC,1,57,165
41791,matvec,25,Ap,3.948124269504514,-2.0,0.0154385895793918,Masked,5,64,652
37942,dot_r2,48,sum,0.20190938774776104,15.000000000000037,1.9601944337305304,SDC,5,55,592
27899,matvec,25,Ap,-5.745700352299868e+40,-3.402823669209385e+38,76.12852560723475,SDC,3,60,435
44031,daxpby,40,y,-1.9999167371994189,2.0,3.477474097e-07,Masked,5,64,687
54,readA,167,A,-62.90129062500001,0.9375,0.0131302986058026,Masked,0,55,0
48438,matvec,25,Ap,1.2920946193255607,15.000000000000002,3.477474097e-07,Masked,6,55,756
4602,readB,175,b,3.415960688871905e+21,1.8446744073709552e+19,6660182393504.271,SDC,0,59,71
27132,matvec,25,Ap,-1.1934305495253882e+79,-1.157920892373162e+77,8.597949350688541,SDC,3,61,423
18556,matvec,25,Ap,-3.5631294056862626e+79,-1.157920892373162e+77,289.7799650661437,SDC,2,61,289
33658,matvec,25,Ap,-0.6647939489313243,1.0,0.0004260641919444,Masked,4,59,525
23743,daxpby,40,y,3.2549520508017054,-2.0,0.0075843922126404,Masked,2,64,370
3831,readA,167,A,1203.86214,255.0,8265713034413.236,SDC,0,56,59
34429,matvec,25,Ap,8.943629393641115e+155,1.3407807929942597e+154,3.207291304426138,SDC,4,62,537
32440,matvec,25,Ap,2271123.888843221,65535.0,135.7260002875143,SDC,4,57,506
42238,matvec,25,Ap,-1.0350621140403677e+308,-inf,0.491411649116123,SDC,5,63,659
9334,waxpby,33,r,-215.45971875,0.9375,0.0088833586006562,Masked,0,55,145
2682,readA,167,A,1.7805288063336818e+20,1.8446744073709552e+19,1.9363803798205411e+30,SDC,0,59,41
25659,matvec,25,Ap,5.2124386170296e+40,3.402823669209385e+38,37.226566264442354,SDC,3,60,400
28220,matvec,25,Ap,9.990269843480492e+77,1.157920892373162e+77,26.989750868404666,SDC,3,61,440
30525,daxpby,40,y,-0.4453441667181424,1.0,0.0052885806919940005,Masked,3,62,476
42875,matvec,25,Ap,-0.7236262192012702,1.0,0.0007264592796279,Masked,5,60,669
41983,matvec,25,Ap,2.1720739328290057,-2.0,0.0205989715377054,Masked,5,64,655
28152,matvec,25,Ap,-2399875.550743468,-65535.0,27.029350982710966,SDC,3,57,439
26622,matvec,25,Ap,100.52419726995352,-1.0,0.0012771760509268,Masked,3,63,415
20605,matvec,25,Ap,-4.390762453606134e+156,-1.3407807929942597e+154,239.1979540079021,SDC,2,62,321
17593,daxpby,40,y,-110476499784.69876,-4294967295.0,61.55424184642347,SDC,2,58,274
46973,matvec,25,Ap,-0.5390331790724472,1.0,3.477474097e-07,Masked,6,62,733
39351,matvec,25,Ap,-2225.0394351752184,-255.0,0.7063571512218316,SDC,5,56,614
40697,matvec,25,Ap,1.5805420286915142,-0.9999999997671695,0.0180363743942071,Masked,5,58,635
40312,matvec,25,Ap,474548.6208977889,65535.0,0.6495464550753012,SDC,5,57,629
21436,matvec,25,Ap,-4.997147568536321e+79,-1.157920892373162e+77,458.76871803346415,SDC,2,61,334
34870,matvec,25,Ap,-145.45799243833363,-14.999999999999998,3.241518871366829,SDC,4,55,544
26553,matvec,25,Ap,-1187111955215.8022,-4294967295.0,14.61229042799639,SDC,3,58,414
17663,daxpby,40,y,-55.11880820587336,2.0,28.02317680537076,SDC,2,64,275
35967,matvec,25,Ap,8.972331159356743,-2.0,0.0392267461306235,Masked,4,64,561
8505,matvec,25,Ap,0.0,0,3.477474097e-07,Masked,0,58,132
46267,matvec,25,Ap,0.0354578185796096,-1.0,3.477474097e-07,Masked,6,60,722
49919,matvec,25,Ap,-0.1498558759628502,2.0,3.477474097e-07,Masked,6,64,779
9535,waxpby,33,r,-314.5122,2.0,0.0110515970927223,Masked,0,64,148
19388,matvec,25,Ap,-1.8908973533369603e+80,-1.157920892373162e+77,85.54064513218799,SDC,2,61,302
45947,daxpby,40,y,-0.0043063097559194,1.0,3.477474097e-07,Masked,6,60,717
44663,daxpby,40,y,-1.376732585129942,-254.99999999999847,1.4523847489996862,SDC,5,56,697
49533,matvec,25,Ap,-0.0413348716775874,1.0,3.477474097e-07,Masked,6,62,773
48827,matvec,25,Ap,-0.0489210164513908,1.0,3.477474097e-07,Masked,6,60,762
3003,readA,167,A,2.590310704487878e+39,3.402823669209385e+38,5.006196867452248e+55,SDC,0,60,46
38971,daxpby,40,y,0.1465088135647678,-1.0,0.0305330665580485,Masked,5,60,608
4668,waxpby,33,r,0.0,0,3.477474097e-07,Masked,0,61,72
20983,matvec,25,Ap,101231.46010949266,255.0,200.34046465348317,SDC,2,56,327
33081,matvec,25,Ap,-128075751244.86627,-4294967295.0,15.072840181309251,SDC,4,58,516
46201,matvec,25,Ap,0.1788158188907392,-0.9999999997671694,3.477474097e-07,Masked,6,58,721
35834,matvec,25,Ap,-2.0401975536866748e+20,-1.8446744073709552e+19,9.00916328568915,SDC,4,59,559
8118,matvec,25,Ap,0.0,0,3.477474097e-07,Masked,0,55,126
40254,matvec,25,Ap,,,,DUE,5,63,628
50877,solve_cg,91,alpha,-0.0182516478183245,1.0,3.477474097e-07,Masked,6,62,794
39864,matvec,25,Ap,1.6407162316511796,-0.9999847412109375,0.0067173424431352,Masked,5,57,622
31096,dot_r2,48,sum,-0.7853577535657154,0.9999847412109375,0.0045163196052748,Masked,4,57,485
40761,matvec,25,Ap,1.6570919302411882,-0.9999999997671694,0.0191652110365977,Masked,5,58,636
27773,matvec,25,Ap,-2.5954409353495314e+156,-1.3407807929942597e+154,76.12852560723475,SDC,3,62,433
27770,matvec,25,Ap,-3.570862212748531e+21,-1.8446744073709552e+19,76.12852560723475,SDC,3,59,433
20475,matvec,25,Ap,-6.48894350436823e+41,-3.402823669209385e+38,133.72163765790577,SDC,2,60,319
1721,readA,167,A,41283977258.81663,4294967295.0,1.957442968069416e+27,SDC,0,58,26
46902,matvec,25,Ap,-0.5587588196109611,0.9374999999999999,3.477474097e-07,Masked,6,55,732
8701,matvec,25,Ap,0.0,0,3.477474097e-07,Masked,0,62,135
21622,matvec,25,Ap,122.52706545550608,-0.9375,0.0053303095233126,Masked,2,55,337
48509,matvec,25,Ap,0.2607183095480968,-1.0,3.477474097e-07,Masked,6,62,757
51321,daxpby,40,y,-1.000003431441738,0.9999999997671695,3.477474097e-07,Masked,6,58,801
47743,matvec,25,Ap,0.073112333065534,-2.0,3.477474097e-07,Masked,6,64,745
23287,daxpby,40,y,-1602.7723682553778,-255.0,1520.7099378084854,SDC,2,56,363
35127,matvec,25,Ap,17805.151117383477,254.99999999999997,2.5893471076291563,SDC,4,56,548
47036,matvec,25,Ap,-0.5805988263149761,1.0,3.477474097e-07,Masked,6,61,734
14270,matvec,25,Ap,-6391.822474602899,1.0,0.0034617098147417,Masked,1,63,222
17019,dot_r2,48,sum,6.879894371702294e+41,3.402823669209385e+38,184929.03360615953,SDC,2,60,265
24569,daxpby,40,y,17050945285.894938,4294967295.0,13.911035268229606,SDC,3,58,383
35132,matvec,25,Ap,8.085080968893992e+78,1.157920892373162e+77,2.6565123200406946,SDC,4,61,548
8443,matvec,25,Ap,0.0,0,3.477474097e-07,Masked,0,60,131
15871,daxpby,40,y,-3.1854443683661806,2.0,3.477474097e-07,Masked,1,64,247
5374,matvec,25,Ap,2.0,0,0.0001480458101207,Masked,0,63,83
40507,matvec,25,Ap,2.640123913375843e+39,3.402823669209385e+38,0.6496340129593515,SDC,5,60,632
25270,matvec,25,Ap,476.73298283529266,-0.9375,2.3300800322900668,SDC,3,55,394
30266,daxpby,40,y,3.705641037602733e+19,1.8446744073709552e+19,3.477474097e-07,Masked,3,59,472
45758,daxpby,40,y,3.7743686534176484e+305,1.79769313486228e+308,3.477474097e-07,Masked,6,63,714
26557,matvec,25,Ap,-3.705865026120554e+156,-1.3407807929942597e+154,14.612290460955675,SDC,3,62,414
6522,matvec,25,Ap,0.0,0,3.477474097e-07,Masked,0,59,101
12350,matvec,25,Ap,-27657.4839652038,1.0,2.88695854302254,SDC,1,63,192
32637,matvec,25,Ap,-0.7312447968976612,1.0,0.0022928948251786,Masked,4,62,509
7674,matvec,25,Ap,0.0,0,3.477474097e-07,Masked,0,59,119
43453,dot,57,sum,4.10294493794868e+154,1.3407807929942597e+154,0.0684187606524825,SDC,5,62,678
13626,matvec,25,Ap,9.956934321889796e+22,1.8446744073709552e+19,1181.0725080552422,SDC,1,59,212
17150,dot_r2,48,sum,-2630.0219267574657,1.0,9.449079552508149,SDC,2,63,267
32314,matvec,25,Ap,-6.667790201211108e+19,-1.8446744073709552e+19,136.17209027981102,SDC,4,59,504
311,readA,167,A,3586.16955,254.99999999999997,15819210919.154526,SDC,0,56,4
1215,readA,167,A,-135.34818,2.0,0.0007253854592601,Masked,0,64,18
47415,matvec,25,Ap,-0.2124511074360233,0.9960937500000001,3.477474097e-07,Masked,6,56,740
2557,readA,167,A,5.0940794164932266e+154,1.3407807929942597e+154,,DUE,0,62,39
6458,matvec,25,Ap,0.0,0,3.477474097e-07,Masked,0,59,100
29753,solve_cg,91,alpha,-0.0191556015634656,0.99999999976717,1.3700013238138,SDC,3,58,464
30327,daxpby,40,y,-0.2954922018923549,0.9960937499999999,0.00289164444542,Masked,3,56,473
8895,matvec,25,Ap,-0.0,0,3.477474097e-07,Masked,0,64,138
17470,daxpby,40,y,20.395482454818747,-1.0,1.060861800584063,SDC,2,63,272
37046,daxpby,40,y,30.037205612093477,15.0,3.477474097e-07,Masked,4,55,578
29306,dot,57,sum,9.751902537156291e+22,1.8446744073709552e+19,1.3700013245579516,SDC,3,59,457
12671,matvec,25,Ap,-12225.8838560464,2.0,0.1015922072926464,SDC,1,64,197
7679,matvec,25,Ap,-0.0,0,3.477474097e-07,Masked,0,64,119
25087,matvec,25,Ap,983.4355383644537,-2.0,48.14450757008796,SDC,3,64,391
5756,matvec,25,Ap,0.0,0,3.477474097e-07,Masked,0,61,89
20284,matvec,25,Ap,-5.734182703905877e+79,-1.157920892373162e+77,133.72163765790572,SDC,2,61,316
39545,matvec,25,Ap,-33648180299.120724,-4294967295.0,0.7287912457339683,SDC,5,58,617
45306,dot_r2,48,sum,-0.0001634197322204,1.0,0.0080495815212651,Masked,6,59,707
16316,daxpby,40,y,9.707834834751166e+77,1.157920892373162e+77,9.707834834751166e+77,SDC,1,61,254
8569,matvec,25,Ap,0.0,0,3.477474097e-07,Masked,0,58,133
50042,matvec,25,Ap,-0.0351326442366612,1.0,3.477474097e-07,Masked,6,59,781
44217,daxpby,40,y,-1.9999281221824765,0.9999999997671694,3.477474097e-07,Masked,5,58,690
14391,matvec,25,Ap,-10278.615025486704,0.99609375,0.03760373335036599,Masked,1,56,224
23037,daxpby,40,y,-0.8335448106908265,1.0,3.477474097e-07,Masked,2,62,359
18615,matvec,25,Ap,111518.12203292931,255.0,242.36183664408162,SDC,2,56,290
47103,matvec,25,Ap,-1.0900637157020805,2.0,3.477474097e-07,Masked,6,64,735
14717,matvec,25,Ap,7.335052956228166e+157,1.3407807929942597e+154,1800.5097666991285,SDC,1,62,229
51132,daxpby,40,y,-1.9999936367901725,1.0,3.477474097e-07,Masked,6,61,798
10678,waxpby,33,r,-147.42759375,0.9375,0.0682324267859741,SDC,1,55,166
18680,matvec,25,Ap,4399442.4898505565,65535.0,288.36130590031496,SDC,2,57,291
37374,daxpby,40,y,-2.0856824478171942e+307,-1.7976931348623155e+308,,DUE,4,63,583
23679,daxpby,40,y,-10.530145081555956,2.0,0.0040869178550537,Masked,2,64,369
17207,dot_r2,48,sum,-2716.0333579492467,0.99609375,10.90176101377635,SDC,2,56,268
32701,matvec,25,Ap,-3.5471937098693916e+155,-1.3407807929942597e+154,15.072840296133867,SDC,4,62,510
23035,daxpby,40,y,-0.8335448106908265,1.0,3.477474097e-07,Masked,2,60,359
44155,daxpby,40,y,-1.0000934072371717,1.0,3.477474097e-07,Masked,5,60,689
47804,matvec,25,Ap,-0.0201104716047581,1.0,3.477474097e-07,Masked,6,61,746
29243,dot,57,sum,1.1347623542717826e+42,3.402823669209385e+38,1.3700013245579516,SDC,3,60,456
17403,solve_cg,84,beta,-0.0123160061184089,1.0,0.0058634145262539,Masked,2,60,271
36536,dot,57,sum,13169118.62742582,65535.0,0.3563881891881185,SDC,4,57,570
45688,daxpby,40,y,-0.0095015965404108,0.9999847412109337,3.477474097e-07,Masked,6,57,713
51898,daxpby,40,y,0.0001275559707858,-1.0,3.477474097e-07,Masked,6,59,810
47543,matvec,25,Ap,-0.194641341949571,0.99609375,3.477474097e-07,Masked,6,56,742
25150,matvec,25,Ap,431.82045870731577,-1.0,1.3898149596968534,SDC,3,63,392
29495,dot,57,sum,-8334.421078037001,0.99609375,158.1452625248382,SDC,3,56,460
22582,dot,57,sum,3270781.912489574,15.000000000000002,3.3228163167992752,SDC,2,55,352
28541,matvec,25,Ap,4.8688067714207755e+156,1.3407807929942597e+154,26.989750868404666,SDC,3,62,445
26998,matvec,25,Ap,130.33990305403975,-0.9374999999999999,0.0098361750818759,Masked,3,55,421
32511,matvec,25,Ap,-53.97305862605052,2.0,0.0688977665606302,SDC,4,64,507
21943,matvec,25,Ap,-69473.77099064474,-255.0,40.537432485025036,SDC,2,56,342
14137,matvec,25,Ap,15499709312700.605,4294967295.0,2662.9721349358183,SDC,1,58,220
36479,dot,57,sum,-217.08256468745682,2.0,45.64702879068602,SDC,4,64,569
14654,matvec,25,Ap,-2867.0390905767,1.0,0.0068930488951832,Masked,1,63,228
41788,matvec,25,Ap,1.974062134752257,-1.0,0.0175848616465252,Masked,5,61,652
50296,dot,57,sum,-0.0003371175361766,0.9999847412108375,3.477474097e-07,Masked,6,57,785
44794,daxpby,40,y,0.0028457864153212,-1.0,0.0002882443155946,Masked,5,59,699
43960,daxpby,40,y,-1.999791840492144,0.9999847412109375,3.477474097e-07,Masked,5,57,686
43580,dot,57,sum,4.12515498519931e+77,1.157920892373162e+77,0.0684187606524825,SDC,5,61,680
5112,waxpby,33,r,0.0,0,3.477474097e-07,Masked,0,57,79
5630,matvec,25,Ap,2.0,0,0.0001480458101207,Masked,0,63,87
11190,matvec,25,Ap,-20153.484295591126,0.9375,0.3327757456013553,SDC,1,55,174
34809,matvec,25,Ap,-61573671288.14676,-4294967295.0,2.656512339730543,SDC,4,58,543
51518,daxpby,40,y,4.083162545811298e+304,inf,3.477474097e-07,Masked,6,63,804
22778,daxpby,40,y,-1.1414960338202862,1.0,3.477474097e-07,Masked,2,59,355
10169,dot_r2,48,sum,1174641527754833.0,4294967295.0,1.7173124072157087e+18,SDC,0,58,158
18620,matvec,25,Ap,5.0638887600058315e+79,1.157920892373162e+77,289.77996506614386,SDC,2,61,290
50742,dot,57,sum,0.16514165112115298,14.999999999999954,3.477474097e-07,Masked,6,55,792
24187,dot_r2,48,sum,5.565039564981583e+40,3.402823669209385e+38,2895.315645473166,SDC,3,60,377
27322,matvec,25,Ap,-3.342387420400972e+21,-1.8446744073709552e+19,8.597949350688541,SDC,3,59,426
17404,solve_cg,84,beta,-0.0123160061184089,1.0,0.0058634145262539,Masked,2,61,271
41978,matvec,25,Ap,1.0860369664145029,-1.0,0.0052183955547756,Masked,5,59,655
47226,matvec,25,Ap,0.0248368717056861,-1.0,3.477474097e-07,Masked,6,59,737
31484,solve_cg,84,beta,-0.0338646469979041,1.0,0.0169307571900842,Masked,4,61,491
38267,dot_r2,48,sum,-0.0614193489421382,1.0,0.0489751647500243,Masked,5,60,597
33463,matvec,25,Ap,-1628.673097205255,-255.0,5.604055855564448,SDC,4,56,522
29751,solve_cg,91,alpha,-0.0190807749993009,0.9960937500000006,1.3575326347694383,SDC,3,56,464
23932,dot_r2,48,sum,5.910139947868802e+78,1.157920892373162e+77,2895.315645473174,SDC,3,61,373
36600,dot,57,sum,21971699.36273302,65535.0,0.3563968335017937,SDC,4,57,571
8312,matvec,25,Ap,0.0,0,3.477474097e-07,Masked,0,57,129
43130,matvec,25,Ap,-0.0796825437308502,1.0,0.0004456271125802,Masked,5,59,673
23039,daxpby,40,y,-1.6670896213816528,2.0,3.477474097e-07,Masked,2,64,359
47805,matvec,25,Ap,-0.0201104716047581,1.0,3.477474097e-07,Masked,6,62,746
444,readA,167,A,5.785843534807383e+77,1.157920892373162e+77,,DUE,0,61,6
2367,readA,167,A,-133.12252,2.0,0.0095030975678619,Masked,0,64,36
19895,matvec,25,Ap,-1408.7173660137616,0.9960937500000001,0.3333547049928772,SDC,2,56,310
4094,readA,167,A,-64.87218,1.0,0.0394325059175794,Masked,0,63,63
33273,matvec,25,Ap,-223968359579.75055,-4294967295.0,7.890839463377008,SDC,4,58,519
15611,solve_cg,90,p_ap_dot,1.3862042480636554e+46,3.402823669209385e+38,30.228778864016718,SDC,1,60,243
6397,matvec,25,Ap,0.0,0,3.477474097e-07,Masked,0,62,99
25335,matvec,25,Ap,-102889.72643759089,-255.0,11.840105581919651,SDC,3,56,395
23676,daxpby,40,y,6.096537494827067e+77,1.157920892373162e+77,6.096537494827067e+77,SDC,2,61,369
3837,readA,167,A,6.329863665588105e+154,1.3407807929942597e+154,,DUE,0,62,59
25594,matvec,25,Ap,-2.0396989268601594e+21,-1.8446744073709552e+19,37.226566264442354,SDC,3,59,399
45374,dot_r2,48,sum,3.083371491444581e+304,1.7976931348622359e+308,,DUE,6,63,708
33335,matvec,25,Ap,-12271.710508720427,-255.0,7.500327941779893,SDC,4,56,520
35768,matvec,25,Ap,-166139.29098268267,-65535.00000000001,8.971807693186573,SDC,4,57,558
44479,daxpby,40,y,-0.0190516394575288,2.0,3.477474097e-07,Masked,5,64,694
33078,matvec,25,Ap,-447.29939408607163,-15.0,3.7926739086362655,SDC,4,55,516
40951,matvec,25,Ap,-2417.734814190856,-255.0,0.494993698256993,SDC,5,56,639
49662,matvec,25,Ap,-2.3509990403650744e+307,-inf,3.477474097e-07,Masked,6,63,775
43767,solve_cg,90,p_ap_dot,1629.194600760995,255.0,0.0677889550538294,SDC,5,56,683
10364,solve_cg,76,normr,6.423946701057405e+79,1.157920892373162e+77,3.477474097e-07,Masked,0,61,161
29753,solve_cg,91,alpha,-0.0191556015634656,0.99999999976717,1.3700013238138,SDC,3,58,464
24313,dot_r2,48,sum,832843470486.1788,4294967295.0,2895.3156426637543,SDC,3,58,379
39167,matvec,25,Ap,15.462557707191793,-2.0,0.1880266374797439,SDC,5,64,611
2553,readA,167,A,16318032452.650713,4294967295.0,5.272048870870352e+26,SDC,0,58,39
45055,dot_r2,48,sum,-0.0001934773884448,2.0,0.0114431333643146,Masked,6,64,703
18810,matvec,25,Ap,1.563378979961045e+20,1.8446744073709552e+19,289.77996506614386,SDC,2,59,293
47294,matvec,25,Ap,2.0118326742082193e+307,inf,3.477474097e-07,Masked,6,63,738
37049,daxpby,40,y,8600587715.808796,4294967295.0000005,3.477474097e-07,Masked,4,58,578
45623,daxpby,40,y,-0.6796069888036642,-254.99999999999804,3.477474097e-07,Masked,6,56,712
20472,matvec,25,Ap,-124970599.09589016,-65535.0,133.70202573331227,SDC,2,57,319
20792,matvec,25,Ap,-21612768.24271447,-65535.0,239.40942888920475,SDC,2,57,324
46391,matvec,25,Ap,0.0737005149061459,-0.9960937500000003,3.477474097e-07,Masked,6,56,724
13117,matvec,25,Ap,7.102805006275864e+157,1.3407807929942597e+154,2391.849245160225,SDC,1,62,204
38971,daxpby,40,y,0.1465088135647678,-1.0,0.0305330665580485,Masked,5,60,608
1471,readA,167,A,-23.903879999999997,2.0,0.0536199344593706,Masked,0,64,22
42558,matvec,25,Ap,-2.10138845696721,1.0,0.017148187281535,Masked,5,63,664
23802,solve_cg,82,oldrtrans,6.992551867991096e+22,1.8446744073709552e+19,0.0044057672687376,Masked,3,59,371
45497,solve_cg,83,rtrans,-0.0002009404837132,0.9999999997670952,0.0141747837013588,Masked,6,58,710
29694,solve_cg,90,p_ap_dot,-10122.964849407608,1.0,,DUE,3,63,463
7162,matvec,25,Ap,0.0,0,3.477474097e-07,Masked,0,59,111
37759,daxpby,40,y,0.2429482755378042,-2.0,0.0067840891646829,Masked,4,64,589
3003,readA,167,A,2.590310704487878e+39,3.402823669209385e+38,5.006196867452248e+55,SDC,0,60,46
24954,daxpby,40,y,-0.1578038193026263,1.0,0.0047252025607449,Masked,3,59,389
11710,matvec,25,Ap,-22498.6292991164,1.0,1.2586611284799245,SDC,1,63,182
125,readA,167,A,2.022909725334055e+155,1.3407807929942597e+154,,DUE,0,62,1
14328,matvec,25,Ap,563711687.358622,65535.0,2661.510604884227,SDC,1,57,223
20280,matvec,25,Ap,-32453828.75252295,-65535.0,133.64613486591878,SDC,2,57,316
1526,readA,167,A,185.26755,15.0,6470.394829241756,SDC,0,55,23
8694,matvec,25,Ap,0.0,0,3.477474097e-07,Masked,0,55,135
37948,dot_r2,48,sum,-0.0134606258498507,1.0,0.0285363155245352,Masked,5,61,592
13754,matvec,25,Ap,2.039112963538909e+23,1.8446744073709552e+19,1181.0725080552422,SDC,1,59,214
29500,dot,57,sum,9.688445783435841e+80,1.157920892373162e+77,1.3700013245579516,SDC,3,61,460
10618,waxpby,33,r,3.738083267910244e+21,1.8446744073709552e+19,554.7686899927463,SDC,1,59,165
16438,daxpby,40,y,375.95497834036,14.999999999999998,29.417975205461588,SDC,1,55,256
28855,matvec,25,Ap,-28131.669802175118,-255.0,963.7304394419824,SDC,3,56,450
22140,dot,57,sum,2.24814286476178e+81,1.157920892373162e+77,3.931390774750721,SDC,2,61,345
51638,daxpby,40,y,0.0052025263510973,14.999999999997982,3.477474097e-07,Masked,6,55,806
44414,daxpby,40,y,-4.402496063412957e+305,-1.7976931348622844e+308,,DUE,5,63,693
42427,matvec,25,Ap,-0.5922176210330838,1.0,0.0007879447874057,Masked,5,60,662
3583,readA,167,A,-5.349114,2.0,0.0224229118347569,Masked,0,64,55
50296,dot,57,sum,-0.0003371175361766,0.9999847412108375,3.477474097e-07,Masked,6,57,785
19898,matvec,25,Ap,2.608815558078352e+22,1.8446744073709552e+19,67.93979609728825,SDC,2,59,310
38778,daxpby,40,y,0.1437087948828687,-1.0,0.0454243928504759,Masked,5,59,605
48702,matvec,25,Ap,-5.477003009899211e+307,-inf,3.477474097e-07,Masked,6,63,760
16632,daxpby,40,y,-644321.1844240777,-65535.0,645250.3820481364,SDC,1,57,259
12284,matvec,25,Ap,2.779986582117751e+81,1.157920892373162e+77,1447.7741780604974,SDC,1,61,191
42683,matvec,25,Ap,-2.4076699588039388e+39,-3.402823669209385e+38,0.4914116491161228,SDC,5,60,666
30137,daxpby,40,y,-1.975848826451392,0.9999999997671694,3.477474097e-07,Masked,3,58,470
29431,dot,57,sum,-8308.753408886903,0.9960937499999999,157.71995010857276,SDC,3,56,459
20797,matvec,25,Ap,-4.421757006678549e+156,-1.3407807929942597e+154,239.1979540079021,SDC,2,62,324
39743,matvec,25,Ap,5.182580309672372,-2.0,0.0236284292563112,Masked,5,64,620
40123,matvec,25,Ap,0.9355918989919498,-1.0,0.0019797903101093,Masked,5,60,626
16700,daxpby,40,y,3.776997901111681e+78,1.157920892373162e+77,3.776997901111681e+78,SDC,1,61,260
42490,matvec,25,Ap,-1.999396610242975,1.0,0.0158437260491257,Masked,5,59,663
46391,matvec,25,Ap,0.0737005149061459,-0.9960937500000003,3.477474097e-07,Masked,6,56,724
5306,matvec,25,Ap,0.0,0,3.477474097e-07,Masked,0,59,82
35899,matvec,25,Ap,-3.091246223193524e+39,-3.402823669209385e+38,9.00916328568915,SDC,4,60,560
4284,readB,175,b,2.440959768850813e+79,1.157920892373162e+77,9.395779451037642e+72,SDC,0,61,66
40063,matvec,25,Ap,4.172775881107493,-2.0,0.0150721259635309,Masked,5,64,625
8508,matvec,25,Ap,0.0,0,3.477474097e-07,Masked,0,61,132
50041,matvec,25,Ap,-0.035132644228481204,0.9999999997671681,3.477474097e-07,Masked,6,58,781
10431,waxpby,33,r,-396.0222,2.0,10.61125022275612,SDC,1,64,162
30139,daxpby,40,y,-1.9758488269114296,1.0,3.477474097e-07,Masked,3,60,470
36860,daxpby,40,y,-1.0019837717785525,1.0,3.477474097e-07,Masked,4,61,575
35388,matvec,25,Ap,-1.4042192332689838e+78,-1.157920892373162e+77,1.4218302217524046,SDC,4,61,552
38591,daxpby,40,y,0.2304586711410154,-2.0,0.1447809423014179,SDC,5,64,602
17086,dot_r2,48,sum,-2520.6264723330537,1.0,7.860836538254764,SDC,2,63,266
28023,matvec,25,Ap,2909.225011871438,255.0,22.90975935816804,SDC,3,56,437
3510,readA,167,A,-61.5545625,0.9375,0.0065968213373305,Masked,0,55,54
9790,dot_r2,48,sum,-39208.39572321,1.0,0.5230267386781818,SDC,0,63,152
35583,matvec,25,Ap,171.62450897278413,-2.0,7.567654777940512,SDC,4,64,555
32503,matvec,25,Ap,6881.56497482144,255.0,65.49954521111714,SDC,4,56,507
44534,daxpby,40,y,-0.0017474590786125,0.9375,0.0001222521513509,Masked,5,55,695
49782,matvec,25,Ap,-0.2561743764408338,-14.999999999999957,3.477474097e-07,Masked,6,55,777
33791,matvec,25,Ap,16.82017818915581,-2.0,0.0190090832580192,Masked,4,64,527
42298,matvec,25,Ap,0.7220664323743573,-1.0,0.0060871765103278,Masked,5,59,660
23929,dot_r2,48,sum,219219274409.54306,4294967295.0,2895.3156347998356,SDC,3,58,373
11389,matvec,25,Ap,3.7600087573475896e+158,1.3407807929942597e+154,1670.0985006461553,SDC,1,62,177
11964,matvec,25,Ap,3.393722840941898e+81,1.157920892373162e+77,1107.5718948965957,SDC,1,61,186
13434,matvec,25,Ap,4.254955635675299e+23,1.8446744073709552e+19,2391.849245160224,SDC,1,59,209
27704,matvec,25,Ap,-5200424.723062552,-65534.99999999999,76.2114460559898,SDC,3,57,432
7096,matvec,25,Ap,0.0,0,3.477474097e-07,Masked,0,57,110
49014,matvec,25,Ap,0.18800105863859265,15.00000000000001,3.477474097e-07,Masked,6,55,765
17463,daxpby,40,y,-5200.848025978779,-254.99999999999997,60.215086195489796,SDC,2,56,272
42424,matvec,25,Ap,-0.5922085845093255,0.9999847412109376,0.0007878909418282,Masked,5,57,662
6902,matvec,25,Ap,0.0,0,3.477474097e-07,Masked,0,55,107
46079,daxpby,40,y,0.0102275823480508,-2.0,3.477474097e-07,Masked,6,64,719
39551,matvec,25,Ap,15.668654957299614,-2.0,0.1946465595997696,SDC,5,64,617
4859,waxpby,33,r,0.0,0,3.477474097e-07,Masked,0,60,75
38459,solve_cg,83,rtrans,-0.1071183236417268,1.0,0.014175,Masked,5,60,600
8310,matvec,25,Ap,0.0,0,3.477474097e-07,Masked,0,55,129
3960,readA,167,A,224531.757225,65535.00000000001,2.448396736995646e+21,SDC,0,57,61
29302,dot,57,sum,79297.75437488813,14.999999999999998,1.0220871180332507,SDC,3,55,457
23101,daxpby,40,y,-1.934540601186921,1.0,3.477474097e-07,Masked,2,62,360
16504,daxpby,40,y,-1463658.2121254303,-65535.00000000001,1464760.212755334,SDC,1,57,257
48636,matvec,25,Ap,0.2852393843757604,-1.0,3.477474097e-07,Masked,6,61,759
21631,matvec,25,Ap,261.3910729717463,-2.0,0.0003325542406146,Masked,2,64,337
12534,matvec,25,Ap,40740.259095585,15.000000000000002,3.2234110510562064,SDC,1,55,195
19259,matvec,25,Ap,-5.119553414992908e+41,-3.402823669209385e+38,85.54064513218799,SDC,2,60,300
39929,matvec,25,Ap,0.5458918744496738,-0.9999999997671692,0.0036590006205255,Masked,5,58,623
17720,daxpby,40,y,-1336732.180898197,-65535.0,61.54566080393786,SDC,2,57,276
44350,daxpby,40,y,-2.0000958585655053,1.0,3.477474097e-07,Masked,5,63,692
42809,matvec,25,Ap,0.8276552146882779,-0.9999999997671694,0.0074655546195908,Masked,5,58,668
25782,matvec,25,Ap,-43.891926126156186,0.9375,0.0074500349336498,Masked,3,55,402
32958,matvec,25,Ap,7.8874004217652125,-1.0,0.0014411895756602,Masked,4,63,514
29115,matvec,25,Ap,-1.747158102282758e+40,-3.402823669209385e+38,1225.3111859429605,SDC,3,60,454
23612,daxpby,40,y,-1.4792892180922037,1.0,0.0054565744806875,Masked,2,61,368
17405,solve_cg,84,beta,-0.0123160061184089,1.0,0.0058634145262539,Masked,2,62,271
39865,matvec,25,Ap,1.6407412669940695,-0.9999999997671694,0.0067177072099052,Masked,5,58,622
9466,waxpby,33,r,3.738083267910244e+21,1.8446744073709552e+19,437313388202689.8,SDC,0,59,147
6457,matvec,25,Ap,0.0,0,3.477474097e-07,Masked,0,58,100
32510,matvec,25,Ap,-26.986529313025255,1.0,0.0056140703263241,Masked,4,63,507
39735,matvec,25,Ap,-660.7789894832274,-255.0,4.725894444397214,SDC,5,56,620
14329,matvec,25,Ap,36943972854422.01,4294967295.0,2662.972165795069,SDC,1,58,223
23292,daxpby,40,y,-7.277974944789463e+77,-1.157920892373162e+77,7.277974944789463e+77,SDC,2,61,363
47103,matvec,25,Ap,-1.0900637157020805,2.0,3.477474097e-07,Masked,6,64,735
8631,matvec,25,Ap,0.0,0,3.477474097e-07,Masked,0,56,134
47102,matvec,25,Ap,9.798000291400693e+307,inf,3.477474097e-07,Masked,6,63,735
4406,readB,175,b,-147.42759375,0.9375,0.0270098552938335,Masked,0,55,68
6652,matvec,25,Ap,0.0,0,3.477474097e-07,Masked,0,61,103
4665,waxpby,33,r,0.0,0,3.477474097e-07,Masked,0,58,72
11583,matvec,25,Ap,-36512.410601976,2.0,14.033077632163383,SDC,1,64,180
16126,daxpby,40,y,,,3.477474097e-07,Masked,1,63,251
18935,matvec,25,Ap,11274.191059485,255.0,67.55917161215747,SDC,2,56,295
43767,solve_cg,90,p_ap_dot,1629.194600760995,255.0,0.0677889550538294,SDC,5,56,683
27319,matvec,25,Ap,-46203.75220670868,-255.0,9.23776633856684,SDC,3,56,426
639,readA,167,A,-132.87318,2.0,0.0021092672041802,Masked,0,64,9
10620,waxpby,33,r,2.3464328968019307e+79,1.157920892373162e+77,554.7686899927463,SDC,1,61,165
27711,matvec,25,Ap,158.70678944266578,-2.0,0.0030572281515753,Masked,3,64,432
47869,matvec,25,Ap,-0.0402918314306348,1.0,3.477474097e-07,Masked,6,62,747
3260,readA,167,A,1.3839401030390492e+78,1.157920892373162e+77,,DUE,0,61,50
3513,readA,167,A,281999821648.569,4294967295.0,0.0854666326675406,SDC,0,58,54
46455,matvec,25,Ap,0.1467001976810541,-0.9960937499999999,3.477474097e-07,Masked,6,56,725
35578,matvec,25,Ap,-1.5829566968985087e+21,-1.8446744073709552e+19,1.4218302217524053,SDC,4,59,555
12599,matvec,25,Ap,-4070.680080980238,0.99609375,0.0104887291821044,Masked,1,56,196
45695,daxpby,40,y,-0.019003483050961004,2.0,3.477474097e-07,Masked,6,64,713
4671,waxpby,33,r,-0.0,0,3.477474097e-07,Masked,0,64,72
43256,dot,57,sum,-0.7805356986524266,0.9999847412109375,0.034151936913521,Masked,5,57,675
13366,matvec,25,Ap,-19745.48653931156,0.9375,0.3968525738249897,SDC,1,55,208
32758,matvec,25,Ap,34.11520769688492,-0.9375,0.0200725486918259,Masked,4,55,511
26167,matvec,25,Ap,-2846.298011205501,-255.0,5.492682788636398,SDC,3,56,408
34170,matvec,25,Ap,-0.6816080403470768,1.0,0.0010975484953303,Masked,4,59,533
25596,matvec,25,Ap,-1.2803397673460259e+79,-1.157920892373162e+77,37.226566264442354,SDC,3,61,399
38265,dot_r2,48,sum,-0.0614193489278379,0.9999999997671695,0.0489751647076656,Masked,5,58,597
32438,matvec,25,Ap,-32.48918357809597,0.9374999999999999,0.0137975525207431,Masked,4,55,506
46136,solve_cg,87,normr,-0.0141751314487685,0.9999847412109351,0.0141747837013588,Masked,6,57,720
34107,matvec,25,Ap,1.124920463062595e+40,3.402823669209385e+38,14.928425108111508,SDC,4,60,532
25150,matvec,25,Ap,431.82045870731577,-1.0,1.3898149596968534,SDC,3,63,392
12924,matvec,25,Ap,2.620282606350673e+81,1.157920892373162e+77,1529.581685402398,SDC,1,61,201
11257,matvec,25,Ap,101827691351159.8,4294967295.0,1670.098493754126,SDC,1,58,175
17658,daxpby,40,y,5.0838127431081394e+20,1.8446744073709552e+19,61.554241929841226,SDC,2,59,275
50809,solve_cg,90,p_ap_dot,-0.0110094434055136,0.9999999997671726,3.477474097e-07,Masked,6,58,793
31928,daxpby,40,y,1.5346935015779173,-0.9999847412109375,1.6304063171984728,SDC,4,57,498
45435,dot_r2,48,sum,-0.00020094048375999998,1.0,0.014175,Masked,6,60,709
17403,solve_cg,84,beta,-0.0123160061184089,1.0,0.0058634145262539,Masked,2,60,271
39871,matvec,25,Ap,3.281482534752169,-2.0,0.0328240495368273,Masked,5,64,622
35322,matvec,25,Ap,-2.3374189962164008e+20,-1.8446744073709552e+19,1.4218302217524046,SDC,4,59,551
34750,matvec,25,Ap,3.171733736905864,-1.0,0.0158741415358597,Masked,4,63,542
7545,matvec,25,Ap,0.0,0,3.477474097e-07,Masked,0,58,117
25208,matvec,25,Ap,-32612010.95475377,-65535.0,12.174788928448615,SDC,3,57,393
37816,daxpby,40,y,-0.1759035652123454,0.9999847412109375,0.0413314839057401,Masked,4,57,590
37949,dot_r2,48,sum,-0.0134606258498507,1.0,0.0285363155245352,Masked,5,62,592
13751,matvec,25,Ap,-11010.87362847893,0.99609375,0.0900515656412351,SDC,1,56,214
34045,matvec,25,Ap,4.836637344791321e+155,1.3407807929942597e+154,14.928425108111506,SDC,4,62,531
43830,solve_cg,91,alpha,0.2514908825122681,15.000000000000005,5.625919265777805,SDC,5,55,684
41081,matvec,25,Ap,-40902156246.470116,-4294967295.0,0.508041740712644,SDC,5,58,641
13880,matvec,25,Ap,1753281758.2815056,65535.0,1180.7716418984974,SDC,1,57,216
18870,matvec,25,Ap,-127.73224306778708,0.9375,0.0052195617093474,Masked,2,55,294
8055,matvec,25,Ap,0.0,0,3.477474097e-07,Masked,0,56,125
12988,matvec,25,Ap,2.7215124597343354e+81,1.157920892373162e+77,1529.581685402398,SDC,1,61,202
34362,matvec,25,Ap,-2.555217457442877e+20,-1.8446744073709552e+19,3.207291304426138,SDC,4,59,536
33910,matvec,25,Ap,350.96248011690943,15.0,2.7527733120301963,SDC,4,55,529
30265,daxpby,40,y,8627867877.343544,4294967294.9999995,3.477474097e-07,Masked,3,58,472
25467,matvec,25,Ap,-1.1726810724931018e+41,-3.402823669209385e+38,12.175863549384667,SDC,3,60,397
41466,matvec,25,Ap,1.1966413089481187e+20,1.8446744073709552e+19,0.89017953392932,SDC,5,59,647
12795,matvec,25,Ap,6.786217791418512e+42,3.402823669209385e+38,1529.5816854023974,SDC,1,60,199
7804,matvec,25,Ap,0.0,0,3.477474097e-07,Masked,0,61,121
50871,solve_cg,91,alpha,-0.0181803523190342,0.9960937500000017,3.477474097e-07,Masked,6,56,794
42364,matvec,25,Ap,-0.7790725385300208,1.0,0.0021084059861898,Masked,5,61,661
50999,daxpby,40,y,-1.9921832942925808,0.99609375,3.477474097e-07,Masked,6,56,796
25339,matvec,25,Ap,-1.3730023389816188e+41,-3.402823669209385e+38,12.175863549384667,SDC,3,60,395
23228,daxpby,40,y,2.3225683841458644e+77,1.157920892373162e+77,3.477474097e-07,Masked,2,61,362
30521,daxpby,40,y,-0.44534416661445264,0.9999999997671694,0.0052885806928918,Masked,3,58,476
32951,matvec,25,Ap,-2011.287107550129,-255.0,9.94697019553009,SDC,4,56,514
21430,matvec,25,Ap,404.58945653025046,-0.9375,0.0135872657203606,Masked,2,55,334
27449,matvec,25,Ap,1398318991556.9275,4294967295.0,8.59794933052288,SDC,3,58,428
30454,daxpby,40,y,0.42287806905186937,-0.9375,0.003738018339073,Masked,3,55,475
12796,matvec,25,Ap,2.3092302525048747e+81,1.157920892373162e+77,1529.5816854023974,SDC,1,61,199
20086,matvec,25,Ap,268.9031549155523,-0.9375,0.0025310499664909,Masked,2,55,313
43580,dot,57,sum,4.12515498519931e+77,1.157920892373162e+77,0.0684187606524825,SDC,5,61,680
32188,matvec,25,Ap,-3.383813700969792e+77,-1.157920892373162e+77,136.172090279811,SDC,4,61,502
28342,matvec,25,Ap,72.00193350364997,-0.9374999999999999,0.0284885063467872,Masked,3,55,442
45691,daxpby,40,y,-0.0095017415254805,1.0,3.477474097e-07,Masked,6,60,713
5373,matvec,25,Ap,0.0,0,3.477474097e-07,Masked,0,62,83
13688,matvec,25,Ap,577205260.7236277,65535.0,1180.158830164422,SDC,1,57,213
47609,matvec,25,Ap,-0.15810719625387382,0.9999999997671694,3.477474097e-07,Masked,6,58,743
41144,matvec,25,Ap,-572906.706206939,-65535.0,0.5079856504885821,SDC,5,57,642
41658,matvec,25,Ap,9.439318476633044e+19,1.8446744073709552e+19,0.89017953392932,SDC,5,59,650
44475,daxpby,40,y,-0.0095258197287644,1.0,0.00367741731373,Masked,5,60,694
50044,matvec,25,Ap,-0.0351326442366612,1.0,3.477474097e-07,Masked,6,61,781
43127,matvec,25,Ap,-0.0793712837944016,0.9960937500000006,0.0004440302579344,Masked,5,56,673
31418,solve_cg,83,rtrans,1.2113504346540858e+20,1.8446744073709552e+19,483.92211261822257,SDC,4,59,490
28536,matvec,25,Ap,23797868.63238773,65535.0,26.985761208695067,SDC,3,57,445
11262,matvec,25,Ap,-23708.6069245982,1.0,0.9481232703087841,SDC,1,63,175
30327,daxpby,40,y,-0.2954922018923549,0.9960937499999999,0.00289164444542,Masked,3,56,473
2939,readA,167,A,2.26162788289054e+40,3.402823669209385e+38,41510449.61887242,SDC,0,60,45
49466,matvec,25,Ap,-0.1145648083014072,1.0,3.477474097e-07,Masked,6,59,772
45049,dot_r2,48,sum,-9.67386941999e-05,0.9999999997674147,0.0039670722200779,Masked,6,58,703
25851,matvec,25,Ap,4.371629770528817e+40,3.402823669209385e+38,37.226566264442354,SDC,3,60,403
30975,dot_r2,48,sum,-0.7671484389298199,2.0,0.0039846116636588,Masked,4,64,483
41467,matvec,25,Ap,2.2074135974194753e+39,3.402823669209385e+38,0.89017953392932,SDC,5,60,647
11070,matvec,25,Ap,-16752.973896216,1.0,0.1707130136279475,SDC,1,63,172
5178,matvec,25,Ap,0.0,0,3.477474097e-07,Masked,0,59,80
45814,daxpby,40,y,0.0039709037594932,-0.9375000000000103,3.477474097e-07,Masked,6,55,715
23486,daxpby,40,y,2.2035735166836723,-1.0,0.0038157073587063,Masked,2,63,366
46137,solve_cg,87,normr,-0.0141753477441092,0.9999999997671661,0.0141749999966995,Masked,6,58,720
26488,matvec,25,Ap,-18241346.291374683,-65535.0,14.610145630903347,SDC,3,57,413
15291,dot,57,sum,8.152608485856305e+45,3.402823669209385e+38,30.228778864016718,SDC,1,60,238
48376,matvec,25,Ap,-0.1016748575426046,0.9999847412109373,3.477474097e-07,Masked,6,57,755
46270,matvec,25,Ap,-6.37422770377576e+306,-1.7976931348623137e+308,3.477474097e-07,Masked,6,63,722
35966,matvec,25,Ap,4.4861655796783735,-1.0,0.0156935198038801,Masked,4,63,561
30268,daxpby,40,y,2.3260685787856217e+77,1.157920892373162e+77,3.477474097e-07,Masked,3,61,472
38397,dot_r2,48,sum,-0.1071183236417268,1.0,0.014175,Masked,5,62,599
28919,matvec,25,Ap,-20896.40316721292,-255.0,596.7972520271583,SDC,3,56,451
42682,matvec,25,Ap,-1.3052004999816575e+20,-1.8446744073709552e+19,0.4914116491161228,SDC,5,59,666
38972,daxpby,40,y,0.1465088135647678,-1.0,0.0305330665580485,Masked,5,61,608
40954,matvec,25,Ap,-1.748993543352017e+20,-1.8446744073709552e+19,0.5080417414983595,SDC,5,59,639
21246,matvec,25,Ap,281.52807047901797,-1.0,0.0002544794630258,Masked,2,63,331
24956,daxpby,40,y,-0.1578038193026263,1.0,0.0047252025607449,Masked,3,61,389
46647,matvec,25,Ap,0.1259999957068935,-0.99609375,3.477474097e-07,Masked,6,56,728
31549,daxpby,40,y,-0.0484667687528897,1.0,0.0456829284577012,Masked,4,62,492
25466,matvec,25,Ap,-6.357116832148263e+21,-1.8446744073709552e+19,12.175863549384667,SDC,3,59,397
5691,matvec,25,Ap,0.0,0,3.477474097e-07,Masked,0,60,88
28025,matvec,25,Ap,49000103057.97574,4294967295.0000005,76.12851681501091,SDC,3,58,437
13368,matvec,25,Ap,1380288491.0440354,65535.00000000001,2391.260649837684,SDC,1,57,208
37880,solve_cg,82,oldrtrans,430351.5591577858,65535.0,0.0265909242422294,Masked,5,57,591
10111,dot_r2,48,sum,-506299.36509368,2.0,,DUE,0,64,157
3199,readA,167,A,-22.79482,2.0,0.0108464858382046,Masked,0,64,49
1399,readA,167,A,4124.80095,255.0,59488633448.89441,SDC,0,56,21
47292,matvec,25,Ap,-0.1119119072767835,1.0,3.477474097e-07,Masked,6,61,738
33718,matvec,25,Ap,1.6647568376931443,-0.9374999999999999,0.0042131175403128,Masked,4,55,526
23740,daxpby,40,y,1.627476025400853,-1.0,0.0019843455048989,Masked,2,61,370
39868,matvec,25,Ap,1.6407412673760846,-1.0,0.0067177072154712,Masked,5,61,622
9144,matvec,25,Ap,0.0,0,3.477474097e-07,Masked,0,57,142
47994,matvec,25,Ap,0.2558405875519394,-1.0,3.477474097e-07,Masked,6,59,749
3579,readA,167,A,9.101045864249646e+38,3.402823669209385e+38,inf,SDC,0,60,55
10937,solve_cg,87,normr,2382774260970.2466,4294967295.0000005,3.477474097e-07,Masked,1,58,170
2232,readA,167,A,1100868.7263,65535.00000000001,8.698353972309083e+22,SDC,0,57,34
40636,matvec,25,Ap,9.32305587845775e+77,1.157920892373162e+77,0.6496340129593515,SDC,5,61,634
8184,matvec,25,Ap,0.0,0,3.477474097e-07,Masked,0,57,127
25855,matvec,25,Ap,-256.94130495715785,2.0,0.1337990824864222,SDC,3,64,403
35133,matvec,25,Ap,9.361884170411002e+155,1.3407807929942597e+154,2.6565123200406946,SDC,4,62,548
37434,daxpby,40,y,0.0061603690944899,-1.0,0.0007529892305689999,Masked,4,59,584
45434,dot_r2,48,sum,-0.00020094048375999998,1.0,0.0141749999966995,Masked,6,59,709
5624,matvec,25,Ap,0.0,0,3.477474097e-07,Masked,0,57,87
27961,matvec,25,Ap,-109632443641.81454,-4294967295.0,76.12852953691032,SDC,3,58,436
41918,matvec,25,Ap,,,,DUE,5,63,654
19446,matvec,25,Ap,-25942.858843587743,-15.0,43.13071452502929,SDC,2,55,303
16760,solve_cg,82,oldrtrans,-307779.3308780107,0.9999847412109375,61.559889314645346,SDC,2,57,261
29755,solve_cg,91,alpha,-0.0191556015679256,1.0,1.3700013245579516,SDC,3,60,464
51579,daxpby,40,y,-0.0001310373650958,1.0,3.477474097e-07,Masked,6,60,805
7929,matvec,25,Ap,0.0,0,3.477474097e-07,Masked,0,58,123
8054,matvec,25,Ap,0.0,0,3.477474097e-07,Masked,0,55,125
51894,daxpby,40,y,-0.0019133395617871,-15.000000000000782,3.477474097e-07,Masked,6,55,810
27901,matvec,25,Ap,-2.2639212088394535e+156,-1.3407807929942597e+154,76.12852560723475,SDC,3,62,435
34870,matvec,25,Ap,-145.45799243833363,-14.999999999999998,3.241518871366829,SDC,4,55,544
45625,daxpby,40,y,0.0026651254456684,-0.9999999997671779,3.477474097e-07,Masked,6,58,712
4987,waxpby,33,r,0.0,0,3.477474097e-07,Masked,0,60,77
51830,daxpby,40,y,-0.0031384535380113,-15.000000000001434,3.477474097e-07,Masked,6,55,809
12605,matvec,25,Ap,5.4792931558928293e+157,1.3407807929942597e+154,1529.581685402398,SDC,1,62,196
35835,matvec,25,Ap,-3.7635002132666393e+39,-3.402823669209385e+38,9.00916328568915,SDC,4,60,559
3830,readA,167,A,70.81541999999997,14.999999999999998,49.461534443972546,SDC,0,55,59
4797,waxpby,33,r,0.0,0,3.477474097e-07,Masked,0,62,74
8445,matvec,25,Ap,0.0,0,3.477474097e-07,Masked,0,62,131
50550,dot,57,sum,0.11948811734645907,15.000000000000073,3.477474097e-07,Masked,6,55,789
2103,readA,167,A,3586.16955,254.99999999999997,292617700987.2351,SDC,0,56,32
15935,daxpby,40,y,-3.062087115178372,2.0,3.477474097e-07,Masked,1,64,248
19709,matvec,25,Ap,-6.16921990739929e+156,-1.3407807929942597e+154,67.93979609728821,SDC,2,62,307
13628,matvec,25,Ap,6.250068971106565e+80,1.157920892373162e+77,1181.0725080552422,SDC,1,61,212
36342,dot,57,sum,-33.58608940590056,0.9374999999999999,0.0050032036003461,Masked,4,55,567
1466,readA,167,A,2.204743783643321e+20,1.8446744073709552e+19,4.8517449477510424e+35,SDC,0,59,22
7928,matvec,25,Ap,0.0,0,3.477474097e-07,Masked,0,57,123
6842,matvec,25,Ap,0.0,0,3.477474097e-07,Masked,0,59,106
16383,daxpby,40,y,56.63719031136117,-2.0,0.0240944840975588,Masked,1,64,255
20217,matvec,25,Ap,-2561109031751.2266,-4294967295.0,133.72163670085547,SDC,2,58,315
37246,daxpby,40,y,,,3.477474097e-07,Masked,4,63,581
13686,matvec,25,Ap,-8257.113480253312,0.9375,0.0220625567291744,Masked,1,55,213
31869,daxpby,40,y,-1.323419249210689,1.0,0.5702198163615517,SDC,4,62,497
24702,daxpby,40,y,-1.4269619791913385e+308,-inf,,DUE,3,63,385
2487,readA,167,A,3583.4283,255.0,61266726719.70661,SDC,0,56,38
6778,matvec,25,Ap,0.0,0,3.477474097e-07,Masked,0,59,105
40886,matvec,25,Ap,-147.72935305606694,-15.000000000000002,0.3420565603630532,SDC,5,55,638
34751,matvec,25,Ap,6.343467473811728,-2.0,0.0392297073087653,Masked,4,64,542
10044,dot_r2,48,sum,2.3420046147381866e+82,1.157920892373162e+77,3.423981129490768e+85,SDC,0,61,156
1467,readA,167,A,4.067034432497042e+39,3.402823669209385e+38,5.0780948122842345e+56,SDC,0,60,22
42488,matvec,25,Ap,-1.999366101871847,0.9999847412109375,0.0158433371288192,Masked,5,57,663
13823,matvec,25,Ap,-23520.0174199478,2.0,1.9778917391100024,SDC,1,64,215
6775,matvec,25,Ap,0.0,0,3.477474097e-07,Masked,0,56,105
28087,matvec,25,Ap,3047.0925949252705,255.0,23.793559654623717,SDC,3,56,438
24830,daxpby,40,y,-2.156456719880614,1.0,0.0360479517665767,Masked,3,63,387
5686,matvec,25,Ap,0.0,0,3.477474097e-07,Masked,0,55,88
1846,readA,167,A,55.02168,15.0,2.83963599302495,SDC,0,55,28
7357,matvec,25,Ap,0.0,0,3.477474097e-07,Masked,0,62,114
29565,dot,57,sum,1.3583540295292343e+158,1.3407807929942597e+154,1.3700013245579516,SDC,3,62,461
23802,solve_cg,82,oldrtrans,6.992551867991096e+22,1.8446744073709552e+19,0.0044057672687376,Masked,3,59,371
11768,matvec,25,Ap,1587127034.130582,65535.0,1107.2539234526184,SDC,1,57,183
33151,matvec,25,Ap,-0.9033442828598472,2.0,0.003525812123932,Masked,4,64,517
2877,readA,167,A,6.019042521375385e+154,1.3407807929942597e+154,,DUE,0,62,44
9791,dot_r2,48,sum,-78416.79144642,2.0,3.2633888968442832,SDC,0,64,152
47864,matvec,25,Ap,-0.0402912166260781,0.9999847412109385,3.477474097e-07,Masked,6,57,747
12729,matvec,25,Ap,83176631723585.08,4294967295.0000005,1529.5816779405973,SDC,1,58,198
2742,readA,167,A,242.63535,15.0,593.8993343677779,SDC,0,55,42
38265,dot_r2,48,sum,-0.0614193489278379,0.9999999997671695,0.0489751647076656,Masked,5,58,597
46009,daxpby,40,y,0.0031206184962772,-0.9999999997671615,3.477474097e-07,Masked,6,58,718
