File_index,Function,Line,Variable,out_xor,out_xor_relative,diffnormr,outcome,bit,DI
151896,FFT1DOnce,876,x2,4.76837158203125e-07,-1.9174882911477537e-06,6.253e-13,Masked,33,9493
287677,FFT1DOnce,878,x1,-211.03092816243858,-15.0,1.421e-13,Masked,53,17979
319439,FFT1DOnce,871,tau_r,-14.342050843773743,1.0,2.558e-13,Masked,61,19964
427824,FFT1DOnce,878,x1,1.1368683772161603e-13,5.523749711280413e-16,8.53e-14,Masked,1,26739
196020,FFT1DOnce,874,x_c,-5.820766091346741e-11,-5.112274189067443e-11,1.705e-13,Masked,17,12251
232683,FFT1DOnce,873,x_r,0.0078125,0.011081915083620303,1.705e-13,Masked,45,14542
492170,FFT1DOnce,867,omega_r,0.0009765625,0.0009765625,2.84e-14,Masked,41,30760
76335,FFT1DOnce,877,x1,-4.462455776943472,1.0,4.462455776943386,SDC,61,4770
314230,TwiddleOneCol,712,tx_c,2.384185791015625e-07,-1.429120921561994e-08,1.421e-13,Masked,25,19639
409522,Transpose,804,dest,9.094947017729282e-13,1.188037659270753e-13,2.84e-14,Masked,9,25595
42495,FFT1DOnce,874,x_c,nan,nan,nan,DUE,61,2655
72167,TwiddleOneCol,711,tx_r,-2.384185791015625e-07,-1.8749003436820285e-07,5.68e-14,Masked,29,4510
138800,Transpose,804,dest,-8.881784197001252e-16,-6.135293996974212e-16,5.68e-14,Masked,1,8675
127756,TwiddleOneCol,711,tx_r,-0.25,0.12997640301207666,1.137e-13,Masked,49,7984
336444,FFT1DOnce,878,x1,4.0,0.14471121999789524,1.137e-13,Masked,49,21027
148347,FFT1DOnce,870,x_c,0.03125,-0.015180497970996736,8.53e-14,Masked,45,9271
480291,FFT1DOnce,873,x_r,-2.3283064365386963e-10,1.8568607401990155e-12,1.7337e-12,Masked,13,30018
507050,FFT1DOnce,869,x_r,0.03125,0.0008722598837440019,5.68e-14,Masked,41,31690
484866,FFT1DOnce,875,x2,7.275957614183426e-12,1.4055617151316411e-13,8.53e-14,Masked,9,30304
537800,CopyColumn,819,dest,1.9073486328125e-06,1.9934997181795287e-06,1.9073487181e-06,Masked,33,33612
21669,FFT1DOnce,869,x_r,1.164152940713592e-10,7.668251526562524e-10,8.53e-14,Masked,21,1354
509415,FFT1DOnce,873,x_r,-3.814697265625e-06,1.2360042237232473e-07,2.98022371e-08,Masked,29,31838
509386,FFT1DOnce,871,tau_r,-0.0078125,-0.0007211016552689438,8.53e-14,Masked,41,31836
130006,FFT1DOnce,872,tau_c,-1.8626450937198058e-09,8.734158643266034e-09,1.8626167e-09,Masked,25,8125
376382,FFT1DOnce,878,x1,4.7668361030902396e+20,1.8446744073709552e+19,240.997928435567,SDC,57,23523
367023,FFT1DOnce,869,x_r,10.691476573950052,-1.0,2.558e-13,Masked,61,22938
21434,FFT1DOnce,878,x1,-0.0078125,0.0009419945798296415,0.0078124999999147,Masked,41,1339
424353,FFT1DOnce,873,x_r,9.094947017729282e-13,1.0765510892072681e-14,8.53e-14,Masked,5,26522
241327,FFT1DOnce,873,x_r,-7.652450058794817e+307,-inf,nan,DUE,61,15082
121630,FFT1DOnce,876,x2,0.036427524996725,-1.0,5.68e-14,Masked,57,7601
120471,TwiddleOneCol,712,tx_c,2.384185791015625e-07,-1.9734540959596672e-07,0.0,Masked,29,7529
196313,FFT1DOnce,868,omega_c,1.52587890625e-05,-3.987304895829481e-05,4.547e-13,Masked,37,12269
270908,Transpose,804,dest,-1.0,-0.14395598561047604,5.68e-14,Masked,49,16931
63172,TwiddleOneCol,714,tx,-4.656612873077393e-10,5.6599877763807705e-11,4.65576e-10,Masked,17,3948
278811,FFT1DOnce,876,x2,0.03125,0.013151976939963936,1.137e-13,Masked,45,17425
4205,Transpose,803,dest,-0.522393733054406,0.9375,0.522393733054372,SDC,53,262
275171,FFT1DOnce,877,x1,2.9103830456733704e-11,2.197428880325125e-12,8.53e-14,Masked,13,17198
263202,CopyColumn,819,dest,-1.1368683772161603e-13,-1.3756752460624544e-13,8.53e-14,Masked,9,16450
307836,FFT1DOnce,878,x1,1.0,0.14573062679926102,4.547e-13,Masked,49,19239
190022,FFT1DOnce,871,tau_r,-1.4901161193847656e-08,-1.3930921185323209e-08,3.979e-13,Masked,25,11876
139849,Transpose,803,dest,3.0517578125e-05,-3.4115769854127964e-05,0.0,Masked,37,8740
175572,FFT1DOnce,868,omega_c,2.9103830456733704e-11,-4.1159258529142424e-11,3.411e-13,Masked,17,10973
58225,FFT1DOnce,874,x_c,1.8041124150158794e-15,1.1150786640797094e-14,8.53e-14,Masked,5,3639
205097,FFT1DOnce,877,x1,-0.0001220703125,-5.5583551201818055e-05,2.274e-13,Masked,37,12818
427902,FFT1DOnce,870,x_c,6.670372395812521e+20,1.8446744073709552e+19,242.2191796599044,SDC,57,26743
59888,FFT1DOnce,870,x_c,0.0,0.0,5.68e-14,Masked,1,3743
257014,Transpose,804,dest,1.4901161193847656e-08,-8.703252483740072e-09,3.695e-13,Masked,25,16063
524090,Scale,726,x,0.00048828125,0.0005439280710322465,0.0004882812500853,Masked,41,32755
519928,FFT1DOnce,878,x1,-0.000244140625,3.561867975401878e-06,5.68e-14,Masked,33,32495
510354,Reverse,832,x,2.2737367544323206e-13,-1.437948664948599e-13,8.53e-14,Masked,9,31897
236662,FFT1DOnce,870,x_c,2.9802322387695312e-08,-8.029795591721916e-09,5.116e-13,Masked,25,14791
317751,FFT1DOnce,874,x_c,2.384185791015625e-07,-2.188414911912776e-07,4.263e-13,Masked,29,19859
523673,FFT1DOnce,872,tau_c,0.000244140625,4.8103942950528854e-05,8.53e-14,Masked,37,32729
402278,TwiddleOneCol,714,tx,1.1920928955078125e-07,1.0041756786460403e-08,0.0,Masked,25,25142
448545,FFT1DOnce,877,x1,4.547473508864641e-13,-1.3638064719328849e-14,8.53e-14,Masked,5,28034
392427,FFT1DOnce,873,x_r,-0.0625,0.011438723651816671,1.421e-13,Masked,45,24526
56949,Reverse,833,x,1.164152940713592e-10,6.722509263318789e-10,1.164722e-10,Masked,21,3559
283057,FFT1DOnce,878,x1,-1.1368683772161603e-13,-1.3081762326298104e-14,1.137e-13,Masked,5,17691
252797,Transpose,804,dest,1.510745017826943,-0.9375,5.68e-14,Masked,53,15799
478995,FFT1DOnce,876,x2,2.3283064365386963e-10,2.1902486962970132e-12,1.9043e-12,Masked,13,29937
87825,TwiddleOneCol,712,tx_c,1.4210854715202004e-14,-7.89549002084188e-15,5.68e-14,Masked,5,5489
14065,FFT1DOnce,874,x_c,1.4210854715202004e-14,1.1829611280698214e-14,8.53e-14,Masked,5,879
511553,FFT1DOnce,867,omega_r,1.4210854715202004e-14,1.4210854715202004e-14,8.53e-14,Masked,5,31972
329010,FFT1DOnce,870,x_c,-9.094947017729282e-13,-1.144688010760482e-13,1.137e-13,Masked,9,20563
299019,FFT1DOnce,867,omega_r,0.015625,0.015625,1.705e-13,Masked,45,18688
309261,FFT1DOnce,871,tau_r,-63.10039148890447,-15.0,6.253e-13,Masked,53,19328
200107,FFT1DOnce,877,x1,-0.015625,0.010966526091896822,2.842e-13,Masked,45,12506
428052,FFT1DOnce,868,omega_c,0.0,0,8.53e-14,Masked,17,26753
348907,FFT1DOnce,877,x1,0.125,0.013765510497326381,4.832e-13,Masked,45,21806
490169,FFT1DOnce,874,x_c,-0.001953125,4.808303213451954e-05,5.68e-14,Masked,37,30635
498551,FFT1DOnce,874,x_c,9.5367431640625e-07,-1.3784171589402472e-07,1.137e-13,Masked,29,31159
252706,Transpose,803,dest,1.1368683772161603e-13,1.1540405470244457e-13,8.53e-14,Masked,9,15794
361173,FFT1DOnce,876,x2,1.862645149230957e-09,5.455893765755595e-10,5.68e-14,Masked,21,22573
306452,TwiddleOneCol,712,tx_c,1.1641532182693481e-10,-5.343086242407719e-11,2.84e-14,Masked,17,19153
152697,FFT1DOnce,878,x1,3.0517578125e-05,4.62130944146631e-05,1.705e-13,Masked,37,9543
512976,FFT1DOnce,872,tau_c,8.881784197001252e-16,6.899214082745937e-16,8.53e-14,Masked,1,32061
448991,FFT1DOnce,868,omega_c,1.7976931348501882e+308,inf,nan,DUE,61,28061
534682,CopyColumn,820,dest,0.00048828125,0.0005075966036010871,0.0004882812500853,Masked,41,33417
317700,FFT1DOnce,871,tau_r,-2.3283064365386963e-10,4.44578369401275e-11,4.832e-13,Masked,17,19856
282069,TwiddleOneCol,712,tx_c,-5.960464477539063e-08,5.136446306477434e-10,3.725205e-09,Masked,21,17629
500600,FFT1DOnce,870,x_c,-0.0001220703125,-2.525378055249927e-06,8.53e-14,Masked,33,31287
468382,FFT1DOnce,868,omega_c,0.0,0,8.53e-14,Masked,57,29273
318519,FFT1DOnce,874,x_c,1.9073486328125e-06,-1.520434819125383e-07,1.99e-13,Masked,29,19907
259880,CopyColumn,819,dest,-4.76837158203125e-07,-2.195137005098428e-06,1.137e-13,Masked,33,16242
477622,FFT1DOnce,874,x_c,-2.384185791015625e-07,-1.0699101265238133e-08,5.68e-14,Masked,25,29851
461005,Reverse,832,x,134.8393629821066,15.0,0.0,Masked,53,28812
96909,Reverse,832,x,-0.4710174052487537,0.9375,0.4710174052486877,SDC,53,6056
29487,FFT1DOnce,877,x1,-6.3112598760529295,1.0,6.311259876052759,SDC,61,1842
156083,FFT1DOnce,874,x_c,-9.094947017729282e-13,-3.0804701691483295e-12,3.411e-13,Masked,13,9755
430928,FFT1DOnce,868,omega_c,-3.3306690738754696e-16,8.70343842506441e-16,8.53e-14,Masked,1,26933
308521,FFT1DOnce,873,x_r,-0.000244140625,3.319678938105318e-05,1.421e-13,Masked,37,19282
83571,FFT1DOnce,874,x_c,3.637978807091713e-12,3.4703185391172876e-12,3.7232e-12,Masked,13,5223
74153,FFT1DOnce,873,x_r,-1.52587890625e-05,3.576586814921649e-05,1.52587890057e-05,Masked,37,4634
226092,FFT1DOnce,869,x_r,-0.25,-0.214571878497216,1.137e-13,Masked,49,14130
318739,FFT1DOnce,876,x2,7.275957614183426e-12,-1.924979085440281e-12,1.421e-13,Masked,13,19921
58799,FFT1DOnce,873,x_r,2.5072812875541527e+307,1.7976931348623155e+308,nan,DUE,61,3674
513809,FFT1DOnce,876,x2,4.547473508864641e-13,1.1591658043464242e-14,8.53e-14,Masked,5,32113
348345,FFT1DOnce,878,x1,-0.000244140625,4.774299262774825e-05,4.832e-13,Masked,37,21771
91624,FFT1DOnce,873,x_r,-3.814697265625e-06,3.061515832093671e-06,3.8146972088e-06,Masked,33,5726
378215,TwiddleOneCol,709,tomega_r,1.4901161207725444e-08,1.5203139141328266e-07,2.84e-14,Masked,29,23638
65328,FFT1DOnce,874,x_c,4.440892098500626e-16,7.579158932559007e-16,5.68e-14,Masked,1,4083
215060,FFT1DOnce,876,x2,-2.3283064365386963e-10,-4.0510323822803926e-11,5.684e-13,Masked,17,13441
154259,FFT1DOnce,868,omega_c,0.0,0,8.53e-14,Masked,13,9641
7503,Transpose,803,dest,1.224371350727257e+308,inf,nan,DUE,61,468
59397,FFT1DOnce,875,x2,2.328305881427184e-10,8.300715671615309e-10,8.53e-14,Masked,21,3712
74876,FFT1DOnce,870,x_c,-0.0625,0.1332226283616588,5.68e-14,Masked,49,4679
280344,FFT1DOnce,876,x2,-0.00048828125,2.9179437781004414e-06,3.05175780397e-05,Masked,33,17521
349670,FFT1DOnce,877,x1,5.960464477539063e-08,-1.011028387198841e-08,1.99e-13,Masked,25,21854
422114,FFT1DOnce,877,x1,7.275957614183426e-12,1.7776557476480177e-13,2.84e-14,Masked,9,26382
519078,FFT1DOnce,873,x_r,-2.384185791015625e-07,-1.0441703640706681e-08,0.0,Masked,25,32442
102490,FFT1DOnce,868,omega_c,-0.00048828125,-0.0005285112134570879,2.84e-14,Masked,41,6405
401555,FFT1DOnce,868,omega_c,1.8189894035458565e-12,2.5724536580714015e-12,1.705e-13,Masked,13,25097
38370,FFT1DOnce,869,x_r,5.000340419503146e-16,-1.453726950584744e-13,8.53e-14,Masked,9,2398
124668,FFT1DOnce,874,x_c,0.125,0.14473647704760523,0.1250000000000568,SDC,49,7791
228621,FFT1DOnce,871,tau_r,-54.0457938147245,-15.0,2.558e-13,Masked,53,14288
35268,FFT1DOnce,867,omega_r,9.999986271989544e-17,-2.722414346807255e-11,5.68e-14,Masked,17,2204
345776,TwiddleOneCol,710,tomega_c,4.440892098500626e-16,7.993378117968725e-16,8.53e-14,Masked,1,21611
254765,Transpose,803,dest,0.5812236704091405,-0.9375,1.421e-13,Masked,53,15922
477649,FFT1DOnce,876,x2,-1.1368683772161603e-13,-1.06042850098826e-14,8.53e-14,Masked,5,29853
532069,Transpose,803,dest,-4.656612873077393e-10,5.464555259807407e-10,4.65576e-10,Masked,21,33254
373009,FFT1DOnce,872,tau_c,-9.020562075079397e-16,1.0360433529845139e-14,8.53e-14,Masked,5,23313
360876,FFT1DOnce,869,x_r,-2.0,0.16996337328275088,2.274e-13,Masked,49,22554
154458,FFT1DOnce,868,omega_c,0.00048828125,-0.0004882812500032941,1.421e-13,Masked,41,9653
238918,FFT1DOnce,867,omega_r,2.839999997596588e-14,-7.731667352430546e-09,1.137e-13,Masked,25,14932
137350,Transpose,803,dest,-3.725290298461914e-09,8.791658939806706e-09,8.53e-14,Masked,25,8584
406924,Transpose,803,dest,-4.0,0.16727132041576864,8.53e-14,Masked,49,25432
496823,FFT1DOnce,874,x_c,-2.384185791015625e-07,-1.7809836282072522e-07,8.53e-14,Masked,29,31051
194965,FFT1DOnce,868,omega_c,4.656612873077393e-10,-4.656612873108808e-10,1.99e-13,Masked,21,12185
15775,TwiddleOneCol,715,tx,nan,nan,nan,DUE,61,985
511398,FFT1DOnce,869,x_r,1.1920928955078125e-07,-9.890511687294088e-09,1.137e-13,Masked,25,31962
67129,FFT1DOnce,878,x1,-6.103515625e-05,3.164371971419191e-05,6.10351561932e-05,Masked,37,4195
354618,TwiddleOneCol,710,tomega_c,-0.00048828125,0.0007475578196603104,2.84e-14,Masked,41,22163
474993,Scale,726,x,-7.105427357601002e-15,9.046492005494598e-15,8.53e-14,Masked,5,29687
509462,FFT1DOnce,876,x2,-1.9073486328125e-06,1.2170724517849534e-08,7.4504953e-09,Masked,25,31841
507777,FFT1DOnce,867,omega_r,0.0,-0.0,8.53e-14,Masked,5,31736
23539,TwiddleOneCol,715,tx,1.8189894035458565e-12,2.9098821885127903e-12,0.0,Masked,13,1471
506324,FFT1DOnce,872,tau_c,-4.656612873077393e-10,3.2007180940912456e-11,5.68e-14,Masked,17,31645
354425,TwiddleOneCol,710,tomega_c,3.0517578125e-05,3.3381443178789935e-05,0.0,Masked,37,22151
508633,FFT1DOnce,872,tau_c,6.103515625e-05,-4.104898259472087e-05,8.53e-14,Masked,37,31789
270342,Transpose,803,dest,1.4901161193847656e-08,1.0385357780384052e-08,8.53e-14,Masked,25,16896
125206,FFT1DOnce,872,tau_c,-7.450580596923828e-09,-1.0021080046856986e-08,8.53e-14,Masked,25,7825
321451,TwiddleOneCol,714,tx,-0.0625,-0.011769497274539851,0.0,Masked,45,20090
511824,FFT1DOnce,872,tau_c,3.552713678800501e-15,7.46346758202892e-16,8.53e-14,Masked,1,31989
229218,FFT1DOnce,873,x_r,-4.547473508864641e-13,1.5604763436840888e-13,1.99e-13,Masked,9,14326
236155,FFT1DOnce,874,x_c,-0.0625,0.01166703829919224,4.263e-13,Masked,45,14759
312048,FFT1DOnce,878,x1,2.842170943040401e-14,-7.825373652881958e-16,8.53e-14,Masked,1,19503
442300,FFT1DOnce,878,x1,-0.5,0.1688331741211572,8.53e-14,Masked,49,27643
184890,Reverse,833,x,0.00048828125,-0.0007345665952556056,1.137e-13,Masked,41,11555
46296,FFT1DOnce,872,tau_c,9.536743165172723e-07,1.9789022816843907e-06,1.137e-13,Masked,33,2893
53714,FFT1DOnce,868,omega_c,5.689893001203927e-14,-1.48683739761517e-13,2.84e-14,Masked,9,3357
154319,FFT1DOnce,871,tau_r,nan,nan,nan,DUE,61,9644
522137,FFT1DOnce,872,tau_c,0.00048828125,-3.663545827769121e-05,5.68e-14,Masked,37,32633
524290,Transpose,803,dest,2.842170943040401e-14,1.6637614104935293e-13,1.137e-13,Masked,9,32768
155441,FFT1DOnce,870,x_c,-5.684341886080802e-14,-1.205681184959393e-14,8.53e-14,Masked,5,9715
335902,FFT1DOnce,868,omega_c,0.0,0,8.53e-14,Masked,57,20993
184922,Reverse,832,x,0.0009765625,0.0009320518855909514,0.0,Masked,41,11557
366546,FFT1DOnce,876,x2,9.094947017729282e-13,1.2561842661773897e-13,2.84e-14,Masked,9,22909
152957,FFT1DOnce,870,x_c,1.6094295695058682,-0.9375,1.705e-13,Masked,53,9559
389373,FFT1DOnce,874,x_c,-113.1393470819512,-15.0,5.684e-13,Masked,53,24335
35379,FFT1DOnce,874,x_c,-1.8189894035458565e-12,-2.4433954951506768e-12,5.68e-14,Masked,13,2211
290762,Reverse,832,x,0.001953125,0.0009001801219679696,2.558e-13,Masked,41,18172
297761,TwiddleOneCol,709,tomega_r,7.105427357601002e-15,7.546571279216378e-15,8.53e-14,Masked,5,18610
532671,CopyColumn,820,dest,6.358947623081437e+307,1.7976931348623157e+308,6.358947623081437e+307,SDC,61,33291
80641,TwiddleOneCol,714,tx,7.105427357601002e-15,-8.887736860270563e-15,8.53e-14,Masked,5,5040
82523,FFT1DOnce,868,omega_c,0.0,0,8.53e-14,Masked,45,5157
397761,FFT1DOnce,871,tau_r,2.842170943040401e-14,-1.3984929530370389e-14,8.53e-14,Masked,5,24860
80020,TwiddleOneCol,710,tomega_c,2.9103830456733704e-11,-2.910383045693005e-11,1.137e-13,Masked,17,5001
333418,FFT1DOnce,869,x_r,0.001953125,-0.0005471044137948414,6.253e-13,Masked,41,20838
368185,FFT1DOnce,870,x_c,0.0001220703125,-3.7660071952010934e-05,1.705e-13,Masked,37,23011
24662,Reverse,832,x,3.725290298461914e-09,7.505252755654506e-09,3.7253187e-09,Masked,25,1541
537959,CopyColumn,819,dest,5.960464483090178e-08,1.4962907778053357e-07,5.960473e-08,Masked,29,33622
463024,FFT1DOnce,878,x1,1.1368683772161603e-13,6.433919307014968e-16,8.53e-14,Masked,1,28939
74093,FFT1DOnce,869,x_r,-0.8675229631057346,0.9375,0.8675229631056709,SDC,53,4630
470704,FFT1DOnce,870,x_c,-1.4210854715202004e-14,-8.483641610472789e-16,8.53e-14,Masked,1,29419
56347,TwiddleOneCol,712,tx_c,0.0078125,0.014240526173814596,2.84e-14,Masked,45,3521
509768,Scale,725,x,-5.960464470253224e-08,2.0768617500257938e-06,5.96045595e-08,Masked,33,31860
74711,FFT1DOnce,872,tau_c,-2.384185791015625e-07,1.5587460180195416e-07,2.384184938e-07,Masked,29,4669
379958,FFT1DOnce,874,x_c,-5.960464477539063e-08,1.1282381512842257e-08,5.68e-14,Masked,25,23747
25959,FFT1DOnce,873,x_r,1.1920928955078125e-07,1.6945088804034663e-07,1.192093464e-07,Masked,29,1622
61715,FFT1DOnce,876,x2,-9.094947017729282e-13,1.9359578147375746e-12,8.53e-14,Masked,13,3857
160151,FFT1DOnce,876,x2,1.1920928955078125e-07,1.3072318127675414e-07,5.68e-14,Masked,29,10009
504284,FFT1DOnce,876,x2,-4.0,0.13097980020496788,2.84e-14,Masked,49,31517
54463,FFT1DOnce,878,x1,nan,nan,nan,DUE,61,3403
183637,FFT1DOnce,868,omega_c,-4.656612873077393e-10,-5.04027570206726e-10,5.969e-13,Masked,21,11477
224344,FFT1DOnce,868,omega_c,0.0,0,8.53e-14,Masked,33,14021
278390,FFT1DOnce,874,x_c,9.5367431640625e-07,7.56288368912673e-09,2.384186644e-07,Masked,25,17399
392438,FFT1DOnce,874,x_c,5.960464477539063e-08,-1.1312876873017207e-08,1.705e-13,Masked,25,24527
338509,TwiddleOneCol,711,tx_r,-230.14520080902065,-15.0,2.84e-14,Masked,53,21156
177214,FFT1DOnce,874,x_c,-7.084021128366246e+19,-1.8446744073709552e+19,382.19446130944385,SDC,57,11075
264816,CopyColumn,820,dest,7.105427357601002e-15,7.330131654832085e-16,5.68e-14,Masked,1,16551
35351,FFT1DOnce,872,tau_c,1.1920928955078125e-07,-2.1728629434003265e-07,5.68e-14,Masked,29,2209
82323,FFT1DOnce,868,omega_c,0.0,0,8.53e-14,Masked,13,5145
390897,FFT1DOnce,874,x_c,-1.1368683772161603e-13,-1.3243441390748793e-14,8.53e-14,Masked,5,24431
482949,FFT1DOnce,875,x2,7.450580596923828e-09,-8.525051340870495e-10,8.53e-14,Masked,21,30184
387773,FFT1DOnce,870,x_c,-99.95876781612203,-15.0,1.705e-13,Masked,53,24235
399401,FFT1DOnce,877,x1,-0.000244140625,-3.4231405091557424e-05,1.705e-13,Masked,37,24962
237287,FFT1DOnce,873,x_r,-2.384185791015625e-07,1.6082726652659697e-07,8.53e-14,Masked,29,14830
441127,FFT1DOnce,877,x1,7.62939453125e-06,1.4952670736879474e-07,1.137e-13,Masked,29,27570
299690,FFT1DOnce,873,x_r,0.0001220703125,-0.0006064256697715776,2.558e-13,Masked,41,18730
29225,FFT1DOnce,873,x_r,6.103515625e-05,-5.4879298956914164e-05,5.68e-14,Masked,37,1826
444519,FFT1DOnce,873,x_r,7.62939453125e-06,2.3256959609367087e-07,8.53e-14,Masked,29,27782
136555,TwiddleOneCol,709,tomega_r,-0.0078125,-0.00792924772422599,2.84e-14,Masked,45,8534
492837,FFT1DOnce,873,x_r,1.1920928955078125e-07,7.177239358614537e-10,1.8627304e-09,Masked,21,30802
538848,CopyColumn,819,dest,8.326672684688674e-17,5.708421026003405e-16,8.53e-14,Masked,1,33678
381062,FFT1DOnce,871,tau_r,7.450580596923828e-09,8.855335098956229e-09,1.137e-13,Masked,25,23816
307642,FFT1DOnce,878,x1,-0.0078125,-0.0009594460091624497,3.695e-13,Masked,41,19227
400493,FFT1DOnce,873,x_r,-232.49825189745908,-15.0,2.274e-13,Masked,53,25030
306197,TwiddleOneCol,715,tx,3.725290298461914e-09,-4.851278701662272e-10,5.68e-14,Masked,21,19137
26055,FFT1DOnce,867,omega_r,2.384185791015625e-07,2.384185791015625e-07,1.868428967e-07,Masked,29,1628
253001,Transpose,803,dest,0.0001220703125,-4.169888683690214e-05,2.558e-13,Masked,37,15812
381178,FFT1DOnce,878,x1,0.00390625,0.0007724316961131853,4.547e-13,Masked,41,23823
492219,FFT1DOnce,870,x_c,0.125,-0.009835676966809913,5.68e-14,Masked,45,30763
500983,FFT1DOnce,870,x_c,-7.62939453125e-06,1.2986554658408954e-07,8.53e-14,Masked,29,31311
146656,FFT1DOnce,873,x_r,3.552713678800501e-15,4.748581580921733e-16,8.53e-14,Masked,1,9166
414998,FFT1DOnce,872,tau_c,-2.384185791015625e-07,-1.2379650911109347e-08,1.137e-13,Masked,25,25937
146592,FFT1DOnce,869,x_r,3.552713678800501e-15,4.683875953536371e-16,5.68e-14,Masked,1,9162
338874,TwiddleOneCol,710,tomega_c,-0.00048828125,0.0009126879797294628,2.84e-14,Masked,41,21179
116203,FFT1DOnce,873,x_r,0.00390625,0.008030084136327505,0.0039062500000568,Masked,45,7262
489137,Reverse,833,x,5.684341886080802e-14,-9.652083188479444e-15,8.53e-14,Masked,5,30571
226200,FFT1DOnce,876,x2,-3.814697265625e-06,2.848101548808349e-06,2.274e-13,Masked,33,14137
121458,Reverse,833,x,-1.419697692739419e-14,1.6298959457992243e-13,1.137e-13,Masked,9,7591
304839,FFT1DOnce,871,tau_r,1.9073486328125e-06,1.5095900730351464e-07,1.99e-13,Masked,29,19052
366027,FFT1DOnce,867,omega_r,2.9802322299999874e-08,-0.008113438117905675,4.263e-13,Masked,45,22876
198049,FFT1DOnce,869,x_r,-1.4210854715202004e-14,9.02750630808291e-15,8.53e-14,Masked,5,12378
135120,FFT1DOnce,868,omega_c,-4.440892098500626e-16,-4.806796111681377e-16,8.53e-14,Masked,1,8445
216979,FFT1DOnce,876,x2,7.275957614183426e-12,2.517219304442932e-12,2.274e-13,Masked,13,13561
523870,Scale,726,x,-0.6421430590830183,1.0,0.6421430590829402,SDC,57,32741
38340,FFT1DOnce,867,omega_r,1.4551915228366852e-11,-3.8025565502494795e-11,2.84e-14,Masked,17,2396
270902,Transpose,804,dest,-5.960464477539063e-08,-8.580445385603669e-09,2.274e-13,Masked,25,16931
27560,FFT1DOnce,877,x1,-7.62939453125e-06,3.356862906203595e-06,7.6293944744e-06,Masked,33,1722
37106,FFT1DOnce,874,x_c,3.5006719745211967e-15,1.5863228810437495e-13,8.53e-14,Masked,9,2319
99294,FFT1DOnce,872,tau_c,-0.9728917732743838,1.0,0.9728917732743128,SDC,57,6205
216136,FFT1DOnce,871,tau_r,-1.9073486328125e-06,2.3870257059699113e-06,5.116e-13,Masked,33,13508
521310,FFT1DOnce,868,omega_c,-0.7071028851534585,1.0,2.84e-14,Masked,57,32581
278776,FFT1DOnce,874,x_c,7.62939453125e-06,-3.2613897687710617e-06,1.421e-13,Masked,33,17423
245820,FFT1DOnce,878,x1,0.25,0.2352697150172147,1.99e-13,Masked,49,15363
345300,FFT1DOnce,868,omega_c,1.4551915228366852e-11,3.802657713949599e-11,8.53e-14,Masked,17,21581
106031,FFT1DOnce,873,x_r,6.841666949071869e+307,inf,nan,DUE,61,6626
83987,FFT1DOnce,876,x2,-8.999962233802172e-16,-2.490582058392087e-12,8.53e-14,Masked,13,5249
375054,FFT1DOnce,867,omega_r,3.6732051033e-06,-1.0,3.126e-13,Masked,57,23440
202195,FFT1DOnce,876,x2,-3.637978807091713e-12,2.8829729450558315e-12,7.105e-13,Masked,13,12637
534167,CopyColumn,820,dest,-5.960464477539063e-08,1.6332003542353112e-07,5.96045595e-08,Masked,29,33385
222312,FFT1DOnce,873,x_r,4.76837158203125e-07,2.1504421038689433e-06,5.4e-13,Masked,33,13894
278391,FFT1DOnce,874,x_c,-1.52587890625e-05,1.2100613902602767e-07,3.8146971804e-06,Masked,29,17399
495088,FFT1DOnce,870,x_c,1.7763568394002505e-15,4.498162791042887e-16,8.53e-14,Masked,1,30943
200966,FFT1DOnce,871,tau_r,-7.450580596923828e-09,7.890598984794083e-09,1.137e-13,Masked,25,12560
440283,FFT1DOnce,872,tau_c,0.125,0.012784135894467797,8.53e-14,Masked,45,27517
466020,FFT1DOnce,873,x_r,-3.725290298461914e-09,5.266772355952079e-11,2.90186e-11,Masked,17,29126
429015,FFT1DOnce,868,omega_c,-1.1920928955078125e-07,1.1920928955158548e-07,8.53e-14,Masked,29,26813
521904,FFT1DOnce,870,x_c,2.842170943040401e-14,-7.072344631975249e-16,8.53e-14,Masked,1,32619
142115,Transpose,803,dest,-3.637978807091713e-12,-3.579217917454797e-12,0.0,Masked,13,8882
1558,Transpose,804,dest,-9.313225884932663e-10,1.3493801173767316e-08,9.312657e-10,Masked,25,97
246367,FFT1DOnce,876,x2,-3.878373769674904,1.0,2.558e-13,Masked,61,15397
431628,FFT1DOnce,875,x2,-8.0,0.13008747564903422,0.0312499999999147,Masked,49,26976
369623,FFT1DOnce,876,x2,-3.814697265625e-06,2.322897869961152e-07,2.84e-14,Masked,29,23101
115317,FFT1DOnce,878,x1,-9.313225746154785e-10,-8.528524967098796e-10,2.84e-14,Masked,21,7207
329544,TwiddleOneCol,709,tomega_r,1.9073486328125e-06,1.9931744541232116e-06,8.53e-14,Masked,33,20596
113967,FFT1DOnce,877,x1,5.343467412542746e+307,inf,nan,DUE,61,7122
397704,FFT1DOnce,867,omega_r,3.814697265625e-06,3.814697265625e-06,3.979e-13,Masked,33,24856
134766,FFT1DOnce,869,x_r,0.5891890188765424,-1.0,8.53e-14,Masked,57,8422
438426,FFT1DOnce,872,tau_c,0.0625,-0.0006040620111881295,8.53e-14,Masked,41,27401
89902,FFT1DOnce,873,x_r,-0.1241502379376875,1.0,0.1241502379376414,SDC,57,5618
78308,FFT1DOnce,869,x_r,1.4551915228366852e-11,3.02022199309617e-11,8.53e-14,Masked,17,4894
171919,FFT1DOnce,867,omega_r,inf,inf,nan,DUE,61,10744
258024,Transpose,803,dest,-1.52587890625e-05,-3.3337670299167364e-06,2.84e-14,Masked,33,16126
383435,FFT1DOnce,875,x2,0.0078125,-0.012832770584945788,8.53e-14,Masked,45,23964
350441,FFT1DOnce,877,x1,0.0009765625,5.718743071082846e-05,1.99e-13,Masked,37,21902
387453,Reverse,833,x,1.1685864093238927,-0.9374999999999999,2.842e-13,Masked,53,24215
216674,FFT1DOnce,869,x_r,5.678790770957676e-14,-1.3438470574519886e-13,1.137e-13,Masked,9,13542
57261,FFT1DOnce,873,x_r,-0.39145955420010087,0.9374999999999999,0.3914595542000541,SDC,53,3578
238917,FFT1DOnce,867,omega_r,1.6999997838205907e-15,-4.6281101545168673e-10,8.53e-14,Masked,21,14932
22787,TwiddleOneCol,709,tomega_r,3.637978807091713e-12,3.637978807091713e-12,5.74687e-11,Masked,13,1424
531976,Transpose,803,dest,-1.9073486328125e-06,2.064018489007423e-06,1.9073485475e-06,Masked,33,33248
233479,FFT1DOnce,875,x2,-1.1920928955078125e-07,-2.3300288366519346e-07,1.99e-13,Masked,29,14592
94186,FFT1DOnce,877,x1,-0.0001220703125,0.000563321546149711,1.421e-13,Masked,41,5886
304138,FFT1DOnce,875,x2,-0.0009765625,-0.0005433252483730976,1.137e-13,Masked,41,19008
12575,FFT1DOnce,876,x2,2.722744935358681e+307,inf,nan,DUE,61,785
463876,FFT1DOnce,871,tau_r,-1.862645149230957e-09,-3.410275646125911e-11,2.84e-14,Masked,17,28992
279123,FFT1DOnce,872,tau_c,1.4551915228366852e-11,1.927288233864559e-12,1.137e-13,Masked,13,17445
474823,Scale,725,x,-2.980232241545089e-08,2.2810253773739716e-07,2.98022371e-08,Masked,29,29676
306205,TwiddleOneCol,715,tx,-115.1847954185396,-15.0,1.137e-13,Masked,53,19137
228693,FFT1DOnce,876,x2,-9.313225746154785e-10,-6.487216395482858e-10,5.684e-13,Masked,21,14293
469833,FFT1DOnce,875,x2,-0.00048828125,3.958668007088996e-05,1.137e-13,Masked,37,29364
116141,FFT1DOnce,869,x_r,-0.8866369376692895,0.9375,0.886636937669266,SDC,53,7258
104936,TwiddleOneCol,714,tx,1.9073486328125e-06,3.4541091160432255e-06,2.84e-14,Masked,33,6558
393525,FFT1DOnce,870,x_c,4.656612873077393e-10,4.738900687032478e-10,1.705e-13,Masked,21,24595
26938,FFT1DOnce,874,x_c,0.000244140625,0.0006567013145529001,2.84e-14,Masked,41,1683
42227,FFT1DOnce,870,x_c,-1.8189894035458565e-12,1.912562901114082e-12,1.7621e-12,Masked,13,2639
265679,CopyColumn,819,dest,8.0249581765236,-1.0,2.274e-13,Masked,61,16604
60124,FFT1DOnce,872,tau_c,0.5,0.16023749268563725,0.5000000000000568,SDC,49,3757
149678,FFT1DOnce,869,x_r,5.881241598802736e+20,1.8446744073709552e+19,5.881241598802736e+20,SDC,57,9354
419738,FFT1DOnce,872,tau_c,0.00390625,-0.0007332429650071769,5.68e-14,Masked,41,26233
195687,FFT1DOnce,877,x1,-4.76837158203125e-07,1.335487571943212e-07,5.116e-13,Masked,29,12230
454477,FFT1DOnce,867,omega_r,-0.9375,0.9375,8.53e-14,Masked,53,28404
126572,FFT1DOnce,873,x_r,0.125,-0.17304437848020066,1.137e-13,Masked,49,7910
401932,TwiddleOneCol,709,tomega_r,0.25,0.25,1.137e-13,Masked,49,25120
115132,FFT1DOnce,878,x1,0.25,0.20737802444205353,0.2500000000000568,SDC,49,7195
107839,FFT1DOnce,878,x1,nan,nan,nan,DUE,61,6739
19897,FFT1DOnce,878,x1,-0.0001220703125,3.097191101176775e-05,0.0001220703124147,Masked,37,1243
138865,Transpose,804,dest,-7.105427357601002e-15,8.069611295621519e-15,5.68e-14,Masked,5,8679
22459,FFT1DOnce,870,x_c,0.00390625,0.008576552010641348,8.53e-14,Masked,45,1403
209595,FFT1DOnce,870,x_c,-0.0625,-0.010106644569676443,5.4e-13,Masked,45,13099
122442,FFT1DOnce,867,omega_r,0.0009765625,0.0009765625,0.0007846666131286,Masked,41,7652
446763,Scale,725,x,0.00390625,0.011777927280106388,0.0039062500000853,Masked,45,27922
58811,FFT1DOnce,874,x_c,-0.001953125,0.013191328030173116,8.53e-14,Masked,45,3675
285279,FFT1DOnce,872,tau_c,2.947405542717628,-1.0,4.832e-13,Masked,61,17829
228448,FFT1DOnce,873,x_r,-4.440892098500626e-16,-6.254689388791007e-16,8.53e-14,Masked,1,14278
465572,FFT1DOnce,869,x_r,3.725290298461914e-09,4.20970192096221e-11,8.53e-14,Masked,17,29098
284271,FFT1DOnce,869,x_r,-9.069501232974674e+307,-inf,3.118500483648e+290,SDC,61,17766
105989,FFT1DOnce,871,tau_r,-2.328305881427184e-10,6.246195296313517e-10,2.327738e-10,Masked,21,6624
13405,FFT1DOnce,868,omega_c,0.3587665132168893,-0.9375,2.84e-14,Masked,53,837
438243,FFT1DOnce,873,x_r,2.3283064365386963e-10,3.1546933166255912e-12,1.9043e-12,Masked,13,27390
447775,FFT1DOnce,876,x2,-10.194763031641122,1.0,5.68e-14,Masked,61,27985
20217,FFT1DOnce,874,x_c,-3.0517578125e-05,4.292397955870987e-05,8.53e-14,Masked,37,1263
244622,FFT1DOnce,875,x2,1.0593262615519201,-1.0,2.84e-14,Masked,57,15288
132567,FFT1DOnce,876,x2,1.1920928955078125e-07,-1.905676842350188e-07,2.84e-14,Masked,29,8285
433486,FFT1DOnce,875,x2,-5.040768652949062e+19,-1.8446744073709552e+19,115.58083580072298,SDC,57,27092
185698,FFT1DOnce,877,x1,2.2737367544323206e-13,1.6569199163372811e-13,1.137e-13,Masked,9,11606
481220,FFT1DOnce,871,tau_r,4.656612873077393e-10,-4.7576198896554e-11,8.53e-14,Masked,17,30076
35641,FFT1DOnce,878,x1,0.0001220703125,5.6223152311522756e-05,0.0001220703125568,Masked,37,2227
243098,FFT1DOnce,876,x2,-0.00048828125,0.0004997259330526603,2.84e-14,Masked,41,15193
197250,FFT1DOnce,867,omega_r,1.1368683772161603e-13,-1.607765819236172e-13,1.137e-13,Masked,9,12328
435593,FFT1DOnce,875,x2,6.103515625e-05,4.12358868944526e-05,5.68e-14,Masked,37,27224
351826,FFT1DOnce,868,omega_c,-1.1368683772161603e-13,1.607783536294626e-13,2.274e-13,Masked,9,21989
433149,Reverse,833,x,-404.392237811541,-15.000000000000002,2.84e-14,Masked,53,27071
180052,FFT1DOnce,872,tau_c,-2.9103830456733704e-11,-3.412328393422816e-11,1.137e-13,Masked,17,11253
109667,FFT1DOnce,873,x_r,-1.8189894035458565e-12,-2.148783151585952e-12,8.53e-14,Masked,13,6854
259282,CopyColumn,820,dest,-4.547473508864641e-13,2.250010990497486e-13,1.137e-13,Masked,9,16205
98546,FFT1DOnce,874,x_c,5.689893001203927e-14,1.1917553839280677e-13,1.137e-13,Masked,9,6159
427692,FFT1DOnce,869,x_r,4.0,0.1440029637778577,8.53e-14,Masked,49,26730
308792,FFT1DOnce,878,x1,1.52587890625e-05,1.9128549848123123e-06,1.99e-13,Masked,33,19299
251700,Transpose,804,dest,1.1641532182693481e-10,3.021965083338762e-11,2.84e-14,Masked,17,15731
65174,FFT1DOnce,876,x2,9.313225884932663e-10,1.198257607318808e-08,8.53e-14,Masked,25,4073
197965,Reverse,832,x,-0.5276902273555188,0.9375000000000001,2.84e-14,Masked,53,12372
536090,CopyColumn,820,dest,-0.00048828125,0.0006705312711656671,0.0004882812499147,Masked,41,33505
326668,FFT1DOnce,867,omega_r,4.7683715819999987e-07,-0.12981501026762987,1.99e-13,Masked,49,20416
109775,FFT1DOnce,867,omega_r,-1.2711680099869936e+308,-inf,nan,DUE,61,6860
471982,FFT1DOnce,877,x1,2.590019549999831e+21,1.8446744073709552e+19,2.023452773437368e+19,SDC,57,29498
290734,Reverse,833,x,4.9791397817978e+19,1.8446744073709552e+19,0.0530376481954704,Masked,57,18170
136403,TwiddleOneCol,712,tx_c,7.275957614183426e-12,3.5387065662625154e-12,5.68e-14,Masked,13,8525
179119,FFT1DOnce,873,x_r,nan,nan,nan,DUE,61,11194
316628,FFT1DOnce,876,x2,-1.1641532182693481e-10,-4.124304957653963e-11,4.832e-13,Masked,17,19789
68921,FFT1DOnce,870,x_c,-3.0517578125e-05,3.0756109923076644e-05,3.05175780682e-05,Masked,37,4307
242201,FFT1DOnce,868,omega_c,-3.0517578125e-05,-4.315829361059611e-05,5.684e-13,Masked,37,15137
476051,FFT1DOnce,872,tau_c,1.4551915228366852e-11,-2.4192881836768464e-12,5.68e-14,Masked,13,29753
504446,FFT1DOnce,874,x_c,-5.943507852553071e+19,-1.8446744073709552e+19,253.68797905463867,SDC,57,31527
394275,TwiddleOneCol,711,tx_r,-1.1641532182693481e-10,3.405089572663317e-12,1.421e-13,Masked,13,24642
279452,FFT1DOnce,868,omega_c,0.0,0,8.53e-14,Masked,49,17465
410996,Transpose,804,dest,9.313225746154785e-10,-4.521387793058721e-11,8.53e-14,Masked,17,25687
282562,Reverse,832,x,-2.2737367544323206e-13,-1.7209568918141971e-13,1.137e-13,Masked,9,17660
75141,FFT1DOnce,875,x2,2.3283069916502086e-10,-6.727988535824893e-10,8.53e-14,Masked,21,4696
430437,FFT1DOnce,873,x_r,-1.4901161193847656e-08,7.139111601694199e-10,5.68e-14,Masked,21,26902
345389,FFT1DOnce,873,x_r,235.03108548255364,15.0,1.137e-13,Masked,53,21586
390236,FFT1DOnce,868,omega_c,-0.125,0.1250000000008433,4.832e-13,Masked,49,24389
155105,FFT1DOnce,873,x_r,-2.842170943040401e-14,1.3557464713672288e-14,5.68e-14,Masked,5,9694
168867,FFT1DOnce,869,x_r,-2.274014310188477e-13,-3.2902037081245413e-12,1.137e-13,Masked,13,10554
26174,FFT1DOnce,874,x_c,-0.4895673845565938,1.0,0.4895673845565796,SDC,57,1635
102459,FFT1DOnce,878,x1,-0.00390625,0.013973659815042056,0.0,Masked,45,6403
288507,FFT1DOnce,870,x_c,0.03125,-0.015167442652590726,5.68e-14,Masked,45,18031
282770,Reverse,832,x,-1.1368683772161603e-13,-1.6043555350597022e-13,8.53e-14,Masked,9,17673
68652,FFT1DOnce,877,x1,0.0625,-0.176105284514045,5.68e-14,Masked,49,4290
171427,FFT1DOnce,873,x_r,3.637978807091713e-12,2.9579847694423514e-12,4.832e-13,Masked,13,10714
436195,FFT1DOnce,877,x1,-5.820766091346741e-11,-2.23042601373936e-12,5.68e-14,Masked,13,27262
404301,Transpose,803,dest,52.007375184285806,15.0,1.137e-13,Masked,53,25268
445099,FFT1DOnce,873,x_r,-2.0,0.013188720246248562,0.0156249999999147,Masked,45,27818
487463,FFT1DOnce,869,x_r,7.62939453125e-06,1.723080810490128e-07,8.53e-14,Masked,29,30466
497702,FFT1DOnce,869,x_r,2.9802322387695312e-08,8.294685042086377e-09,8.53e-14,Masked,25,31106
172400,FFT1DOnce,874,x_c,-1.7763568394002505e-15,5.85417310006215e-16,5.68e-14,Masked,1,10775
446257,FFT1DOnce,874,x_c,1.8189894035458565e-12,1.0822920488284412e-14,8.53e-14,Masked,5,27891
384131,FFT1DOnce,871,tau_r,5.820766091346741e-11,-3.4902536565945808e-12,1.99e-13,Masked,13,24008
12302,FFT1DOnce,871,tau_r,-1.0588060861046924,1.0,8.53e-14,Masked,57,768
227572,FFT1DOnce,878,x1,-1.4552026250669314e-11,3.949187472161215e-11,3.411e-13,Masked,17,14223
498095,FFT1DOnce,869,x_r,nan,nan,nan,DUE,61,31130
365814,FFT1DOnce,878,x1,5.960464477539063e-08,-1.4811264170769895e-08,1.705e-13,Masked,25,22863
140490,Transpose,803,dest,-0.00048828125,0.000587754225745023,1.421e-13,Masked,41,8780
94400,FFT1DOnce,867,omega_r,1.6653345369377348e-16,4.35175780342122e-16,5.68e-14,Masked,1,5900
246283,FFT1DOnce,871,tau_r,-0.015625,-0.008547344730418903,5.68e-14,Masked,45,15392
85973,FFT1DOnce,868,omega_c,-2.328305881427184e-10,-6.084142982760488e-10,2.84e-14,Masked,21,5373
469593,FFT1DOnce,872,tau_c,1.52587890625e-05,5.3263554553691455e-05,1.137e-13,Masked,37,29349
150935,FFT1DOnce,876,x2,-4.76837158203125e-07,-1.2376591919121025e-07,1.705e-13,Masked,29,9433
504585,FFT1DOnce,871,tau_r,-0.000244140625,3.598707826135061e-05,0.0,Masked,37,31536
183386,FFT1DOnce,876,x2,-0.001953125,-0.0005875324094514508,1.137e-13,Masked,41,11461
20520,FFT1DOnce,869,x_r,-3.814697265625e-06,3.2292112485312735e-06,3.8146972088e-06,Masked,33,1282
43584,FFT1DOnce,871,tau_r,8.881784197001252e-16,6.888505085279336e-16,8.53e-14,Masked,1,2724
100914,FFT1DOnce,878,x1,1.1368683772161603e-13,-1.728870110454353e-13,2.84e-14,Masked,9,6307
71751,TwiddleOneCol,709,tomega_r,-1.1920928955078125e-07,2.318792699101967e-07,2.84e-14,Masked,29,4484
194503,FFT1DOnce,875,x2,-2.384185791015625e-07,-1.4260601812369372e-07,1.99e-13,Masked,29,12156
492345,FFT1DOnce,878,x1,0.00048828125,5.6210590044208445e-05,5.68e-14,Masked,37,30771
171488,FFT1DOnce,877,x1,8.881784197001252e-16,-8.322554661001173e-16,5.68e-14,Masked,1,10718
405462,Transpose,804,dest,-5.960464477539063e-08,-9.072778862027919e-09,1.421e-13,Masked,25,25341
321605,TwiddleOneCol,711,tx_r,7.450580596923828e-09,-5.5725028555897e-10,2.84e-14,Masked,21,20100
70873,FFT1DOnce,872,tau_c,-1.52587890625e-05,3.063242695621755e-05,2.84e-14,Masked,37,4429
182749,FFT1DOnce,872,tau_c,-0.6555991056891829,0.9375,1.99e-13,Masked,53,11421
154520,FFT1DOnce,872,tau_c,-3.814697265625e-06,2.0807183345638923e-06,8.53e-14,Masked,33,9657
497733,FFT1DOnce,871,tau_r,1.862645149230957e-09,5.184178151303986e-10,1.421e-13,Masked,21,31108
187430,FFT1DOnce,877,x1,-7.450580596923828e-09,7.565513579326207e-09,1.421e-13,Masked,25,11714
224615,FFT1DOnce,873,x_r,-1.1920928955078125e-07,1.5426134193729315e-07,1.421e-13,Masked,29,14038
105706,FFT1DOnce,877,x1,0.0009765625,0.0009008413273149978,0.0009765625000568,Masked,41,6606
141069,Transpose,803,dest,-0.6380819177322894,0.9374999999999999,8.53e-14,Masked,53,8816
424230,FFT1DOnce,877,x1,-9.5367431640625e-07,1.1477106144380758e-08,3.725205e-09,Masked,25,26514
309963,FFT1DOnce,867,omega_r,2.9802322299999874e-08,-0.008113438117905675,4.547e-13,Masked,45,19372
143557,Transpose,803,dest,-2.328305881427184e-10,5.168602225372853e-10,8.53e-14,Masked,21,8972
337667,TwiddleOneCol,714,tx,-1.4551915228366852e-11,1.9793732428580573e-12,1.137e-13,Masked,13,21104
153585,FFT1DOnce,874,x_c,1.4210854715202004e-14,-9.816470395158739e-15,8.53e-14,Masked,5,9599
259653,CopyColumn,819,dest,3.725290298461914e-09,-8.401948704624898e-10,3.411e-13,Masked,21,16228
296928,FFT1DOnce,869,x_r,1.7763568394002505e-15,7.75011387339839e-16,8.53e-14,Masked,1,18558
420628,FFT1DOnce,868,omega_c,0.0,0,8.53e-14,Masked,17,26289
281791,TwiddleOneCol,712,tx_c,-150.53234160842112,1.0,9.408271350526263,SDC,61,17611
115619,FFT1DOnce,873,x_r,-4.5469183973523286e-13,-1.8958014995655748e-12,8.53e-14,Masked,13,7226
510683,FFT1DOnce,872,tau_c,0.125,-0.015307278536411851,8.53e-14,Masked,45,31917
88260,TwiddleOneCol,709,tomega_r,-2.9103830456733704e-11,-4.8856239275103366e-11,0.0,Masked,17,5516
48944,FFT1DOnce,870,x_c,2.220446049250313e-16,4.543268227413049e-16,2.84e-14,Masked,1,3059
91370,FFT1DOnce,869,x_r,-0.00048828125,-0.000876738881139863,5.68e-14,Masked,41,5710
375911,FFT1DOnce,873,x_r,-1.9073486328125e-06,1.711281050640136e-07,2.842e-13,Masked,29,23494
69600,FFT1DOnce,877,x1,2.220446049250313e-16,-5.06612591303962e-16,8.53e-14,Masked,1,4350
459356,FFT1DOnce,872,tau_c,2.0,-0.13622429185255122,8.53e-14,Masked,49,28709
375848,FFT1DOnce,869,x_r,3.0517578125e-05,-2.1861086714633337e-06,1.99e-13,Masked,33,23490
325711,FFT1DOnce,867,omega_r,-6.6032955972273626e+302,-inf,255.94696235180453,SDC,61,20356
372921,FFT1DOnce,878,x1,-0.00048828125,5.613653654238718e-05,4.832e-13,Masked,37,23307
171384,FFT1DOnce,870,x_c,-2.384185791015625e-07,-2.1551406702429937e-06,4.547e-13,Masked,33,10711
515942,FFT1DOnce,877,x1,-9.5367431640625e-07,7.450679530538182e-09,3.725205e-09,Masked,25,32246
286812,FFT1DOnce,872,tau_c,-0.25,-0.2116882981247306,1.421e-13,Masked,49,17925
269084,Transpose,804,dest,0.0625,0.2343955641577824,1.99e-13,Masked,49,16817
441946,FFT1DOnce,868,omega_c,-0.00048828125,0.0004882812500032941,8.53e-14,Masked,41,27621
139081,Transpose,803,dest,3.0517578125e-05,-3.329124357720543e-05,2.84e-14,Masked,37,8692
264230,CopyColumn,819,dest,5.960464477539063e-08,-1.4280094493969823e-08,2.842e-13,Masked,25,16514
122711,FFT1DOnce,872,tau_c,-5.960464477539063e-08,1.747483206978254e-07,5.96046164e-08,Masked,29,7669
299261,FFT1DOnce,870,x_c,-34.527174636313106,-15.0,3.979e-13,Masked,53,18703
382403,FFT1DOnce,871,tau_r,-7.275957614183426e-12,2.6347410967550524e-12,4.832e-13,Masked,13,23900
300400,FFT1DOnce,870,x_c,4.440892098500626e-16,6.131554841964681e-16,8.53e-14,Masked,1,18775
204248,Reverse,832,x,1.9073486328125e-06,2.2155235697499423e-06,1.137e-13,Masked,33,12765
311099,FFT1DOnce,878,x1,0.0625,0.010585778514476885,1.705e-13,Masked,45,19443
523546,FFT1DOnce,876,x2,-0.125,0.0009417950026922981,0.0004882812499147,Masked,41,32721
402507,TwiddleOneCol,709,tomega_r,-0.0078125,-0.013114746868257489,1.705e-13,Masked,45,25156
397613,FFT1DOnce,873,x_r,-49.36482944367593,-15.0,4.547e-13,Masked,53,24850
531423,Transpose,804,dest,1.100497967083633e+308,inf,1.100497967083633e+308,SDC,61,33213
311333,FFT1DOnce,869,x_r,9.313225746154785e-10,6.021765410562701e-10,4.832e-13,Masked,21,19458
343106,FFT1DOnce,875,x2,-1.8189894035458565e-12,1.1609035033458672e-13,8.53e-14,Masked,9,21444
131314,FFT1DOnce,870,x_c,5.678790770957676e-14,1.2366653164399716e-13,5.68e-14,Masked,9,8207
143988,Transpose,804,dest,7.275985369759042e-12,-5.343106624664185e-11,2.84e-14,Masked,17,8999
366863,FFT1DOnce,871,tau_r,-4.529367326116615,1.0,1.705e-13,Masked,61,22928
249280,FFT1DOnce,867,omega_r,1.6653345369377348e-16,-4.351680622386337e-16,8.53e-14,Masked,1,15580
403168,TwiddleOneCol,709,tomega_r,9.71445146547012e-17,1.3203337726671742e-15,8.53e-14,Masked,1,25198
146489,FFT1DOnce,874,x_c,-0.00048828125,6.068281140668267e-05,0.0004882812499147,Masked,37,9155
199604,FFT1DOnce,870,x_c,-3.637909418152674e-12,-5.277907356812288e-11,8.53e-14,Masked,17,12475
333820,FFT1DOnce,870,x_c,2.0,0.24624236820778614,5.116e-13,Masked,49,20863
95660,TwiddleOneCol,709,tomega_r,-0.125,0.16870234863448505,1.137e-13,Masked,49,5978
408786,Transpose,804,dest,7.275957614183426e-12,-1.5387442325935333e-13,1.137e-13,Masked,9,25549
199348,FFT1DOnce,878,x1,-5.820766091346741e-11,3.6460269716466426e-11,1.137e-13,Masked,17,12459
34779,FFT1DOnce,872,tau_c,-0.0078125,0.00810151605090264,0.0078124999999432,Masked,45,2173
361625,TwiddleOneCol,710,tomega_c,0.0,0,8.53e-14,Masked,37,22601
232209,FFT1DOnce,868,omega_c,0.0,0,8.53e-14,Masked,5,14513
173815,FFT1DOnce,878,x1,2.384185791015625e-07,-1.4770758145163265e-07,2.558e-13,Masked,29,10863
447455,FFT1DOnce,868,omega_c,2.0,0,8.53e-14,Masked,61,27965
208470,FFT1DOnce,872,tau_c,5.960464477539063e-08,1.3933977557462204e-08,1.421e-13,Masked,25,13029
200535,FFT1DOnce,868,omega_c,1.1920928955078125e-07,-1.1920928955158548e-07,1.137e-13,Masked,29,12533
431683,FFT1DOnce,867,omega_r,9.094947017729282e-13,-2.3765978439059247e-12,8.53e-14,Masked,13,26980
130195,FFT1DOnce,872,tau_c,-1.8189894035458565e-12,3.5084597866695305e-12,1.7337e-12,Masked,13,8137
466091,FFT1DOnce,877,x1,1.0,0.009906953262840995,0.0039062500000853,Masked,45,29130
476095,FFT1DOnce,874,x_c,13.49326291867773,-1.0,2.84e-14,Masked,61,29755
448409,FFT1DOnce,868,omega_c,0.0,0,8.53e-14,Masked,37,28025
228721,FFT1DOnce,878,x1,7.105427357601002e-15,-8.177911582475018e-15,8.53e-14,Masked,5,14295
297073,FFT1DOnce,878,x1,5.684341886080802e-14,8.288577504767098e-15,8.53e-14,Masked,5,18567
305421,TwiddleOneCol,714,tx,-41.383475970516834,-15.0,1.137e-13,Masked,53,19088
422692,FFT1DOnce,877,x1,-7.450580596923828e-09,5.0084230187897174e-11,5.81224e-11,Masked,17,26418
100233,FFT1DOnce,871,tau_r,1.52587890625e-05,3.5052700008462934e-05,5.68e-14,Masked,37,6264
43091,FFT1DOnce,876,x2,2.274014310188477e-13,2.040585203685169e-12,5.68e-14,Masked,13,2693
414033,FFT1DOnce,872,tau_c,1.1368683772161603e-13,-8.162328852641339e-15,8.53e-14,Masked,5,25877
202847,FFT1DOnce,868,omega_c,-6.879489043503916e+307,-1.7976931348623157e+308,nan,DUE,61,12677
505403,FFT1DOnce,874,x_c,1.0,0.008451725125648842,0.0312500000000853,Masked,45,31587
196388,FFT1DOnce,873,x_r,-1.1641532182693481e-10,-3.741468890284849e-11,4.263e-13,Masked,17,12274
118352,FFT1DOnce,876,x2,8.881784197001252e-16,-7.351689398138475e-16,8.53e-14,Masked,1,7397
252511,Transpose,804,dest,-2.2079741907628274,1.0,1.421e-13,Masked,61,15781
401985,TwiddleOneCol,714,tx,2.2737367544323206e-13,-1.3205013224971018e-14,8.53e-14,Masked,5,25124
237765,FFT1DOnce,867,omega_r,9.313225746154785e-10,9.313225746154785e-10,1.137e-13,Masked,21,14860
499203,FFT1DOnce,867,omega_r,3.637978807091713e-12,3.637978807091713e-12,1.137e-13,Masked,13,31200
470658,FFT1DOnce,867,omega_r,2.2737367544323206e-13,2.2737367544323206e-13,8.53e-14,Masked,9,29416
111916,TwiddleOneCol,711,tx_r,0.125,-0.13834001561516,8.53e-14,Masked,49,6994
415068,FFT1DOnce,876,x2,8.0,0.20165286277038943,1.137e-13,Masked,49,25941
525558,Transpose,804,dest,3.725290298461914e-09,7.609351472292108e-09,3.7253756e-09,Masked,25,32847
475451,FFT1DOnce,870,x_c,-0.0625,-0.009368577980862715,8.53e-14,Masked,45,29715
9652,FFT1DOnce,874,x_c,-2.9103830456733704e-11,2.965671834738723e-11,2.90186e-11,Masked,17,603
428601,FFT1DOnce,878,x1,0.001953125,-3.811108638916836e-05,8.53e-14,Masked,37,26787
428191,FFT1DOnce,876,x2,4.492718879328464,-1.0,1.137e-13,Masked,61,26761
498924,FFT1DOnce,873,x_r,-0.5,0.13214705097409707,8.53e-14,Masked,49,31182
502800,Scale,726,x,-4.440892098500626e-16,6.513770309460297e-16,8.53e-14,Masked,1,31425
461184,Reverse,832,x,-1.4210854715202004e-14,-6.646789956908625e-16,8.53e-14,Masked,1,28824
334292,FFT1DOnce,876,x2,1.1641532182693481e-10,5.078886429372887e-11,1.99e-13,Masked,17,20893
127213,FFT1DOnce,877,x1,-0.4931672762022753,0.9375,1.137e-13,Masked,53,7950
161613,FFT1DOnce,871,tau_r,34.32868326982692,14.999999999999998,5.68e-14,Masked,53,10100
136729,TwiddleOneCol,715,tx,6.103515625e-05,4.4056709166295863e-05,0.0,Masked,37,8545
440619,FFT1DOnce,869,x_r,-0.5,-0.015554112508402275,1.137e-13,Masked,45,27538
338733,TwiddleOneCol,714,tx,-124.61733113585058,-15.0,2.84e-14,Masked,53,21170
71362,TwiddleOneCol,709,tomega_r,-1.1368683772161603e-13,1.2074514046746204e-13,5.68e-14,Masked,9,4460
202134,FFT1DOnce,872,tau_c,-1.4901161193847656e-08,-1.0911298519402413e-08,2.274e-13,Masked,25,12633
319414,FFT1DOnce,870,x_c,1.1920928955078125e-07,-8.31185679898585e-09,2.274e-13,Masked,25,19963
84489,FFT1DOnce,871,tau_r,-1.9073486327986222e-06,-3.082921008818954e-05,5.68e-14,Masked,37,5280
156154,FFT1DOnce,878,x1,0.0009765625,0.0004938326341522986,4.547e-13,Masked,41,9759
249106,FFT1DOnce,868,omega_c,-1.1368683772161603e-13,-1.13686837722383e-13,4.547e-13,Masked,9,15569
68727,FFT1DOnce,870,x_c,-1.1920928955078125e-07,1.3982706567690556e-07,5.68e-14,Masked,29,4295
207023,FFT1DOnce,877,x1,nan,nan,nan,DUE,61,12938
302681,FFT1DOnce,868,omega_c,3.0517578125e-05,4.315861067145405e-05,1.99e-13,Masked,37,18917
252898,Transpose,803,dest,-9.094947017729282e-13,-2.1797993713670361e-13,2.274e-13,Masked,9,15806
290382,TwiddleOneCol,709,tomega_r,-0.9415437944871324,1.0,1.421e-13,Masked,57,18148
310881,FFT1DOnce,877,x1,-1.1368683772161603e-13,1.1760998907026533e-14,8.53e-14,Masked,5,19430
405584,Transpose,804,dest,2.842170943040401e-14,5.214388580994006e-16,8.53e-14,Masked,1,25349
56685,Reverse,833,x,-0.610549226850039,0.9375,0.6105492268499404,SDC,53,3542
181127,FFT1DOnce,867,omega_r,2.384185791015625e-07,2.384185791015625e-07,2.84e-14,Masked,29,11320
415859,FFT1DOnce,878,x1,-2.3283064365386963e-10,2.6430115629610613e-12,1.7337e-12,Masked,13,25991
102312,FFT1DOnce,869,x_r,-1.9073486328125e-06,-2.288231218852603e-06,5.68e-14,Masked,33,6394
45086,FFT1DOnce,868,omega_c,0.9999999999932537,-1.0,8.53e-14,Masked,57,2817
209306,FFT1DOnce,876,x2,0.00390625,-0.0005005334398886784,3.695e-13,Masked,41,13081
40685,Reverse,833,x,-0.4470046555858076,0.9374999999999999,0.4470046555857152,SDC,53,2542
494504,FFT1DOnce,869,x_r,-1.52587890625e-05,-1.909096148227208e-06,5.68e-14,Masked,33,30906
62416,FFT1DOnce,872,tau_c,8.326672684688674e-17,6.426001195628454e-16,8.53e-14,Masked,1,3901
350166,FFT1DOnce,872,tau_c,2.384185791015625e-07,1.1875354817989861e-08,4.832e-13,Masked,25,21885
429252,FFT1DOnce,871,tau_r,-9.313225746154785e-10,-5.7087836307654414e-11,8.53e-14,Masked,17,26828
142153,Transpose,803,dest,3.0517578125e-05,-4.252125294973625e-05,2.84e-14,Masked,37,8884
356479,FFT1DOnce,870,x_c,-4.349922616230719,1.0,1.137e-13,Masked,61,22279
315136,FFT1DOnce,867,omega_r,8.881784197001252e-16,8.881784197001252e-16,5.68e-14,Masked,1,19696
301001,FFT1DOnce,871,tau_r,-0.000244140625,-5.1045924119958376e-05,4.547e-13,Masked,37,18812
406099,Transpose,804,dest,-2.9103830456733704e-11,-2.7750288082601624e-12,1.137e-13,Masked,13,25381
301720,FFT1DOnce,868,omega_c,0.0,0,8.53e-14,Masked,33,18857
58287,FFT1DOnce,877,x1,6.475009801334725e+307,inf,nan,DUE,61,3642
441763,FFT1DOnce,869,x_r,1.1641532182693481e-10,2.391236323178479e-12,8.53e-14,Masked,13,27610
26117,FFT1DOnce,871,tau_r,-4.656612873077393e-10,9.242526589498429e-10,4.656044e-10,Masked,21,1632
88751,TwiddleOneCol,709,tomega_r,-1.7712244723042481e+308,-inf,nan,DUE,61,5546
433285,FFT1DOnce,875,x2,-5.960464477539063e-08,4.75381863169112e-10,1.8625599e-09,Masked,21,27080
324927,FFT1DOnce,878,x1,8.734114932448982,-1.0,1.705e-13,Masked,61,20307
26730,FFT1DOnce,873,x_r,0.00048828125,0.0009008556386247305,0.0004882812500568,Masked,41,1670
30074,FFT1DOnce,878,x1,0.00048828125,0.0007446999491638855,8.53e-14,Masked,41,1879
209759,FFT1DOnce,868,omega_c,-1.6608537882579116e+308,-inf,nan,DUE,61,13109
13659,FFT1DOnce,872,tau_c,0.0078125,-0.011667678183221394,8.53e-14,Masked,45,853
72303,TwiddleOneCol,714,tx,1.254047821647305e+307,1.7976931348623155e+308,nan,DUE,61,4518
254385,Transpose,804,dest,1.4210854715202004e-14,-8.80656758082983e-15,5.68e-14,Masked,5,15899
424792,FFT1DOnce,876,x2,-0.00048828125,3.4165213181768082e-06,1.9073485475e-06,Masked,33,26549
223187,FFT1DOnce,868,omega_c,-1.8189894035458565e-12,-1.968863687344692e-12,5.4e-13,Masked,13,13949
124408,FFT1DOnce,870,x_c,4.768371581753694e-07,-3.450855822622748e-06,5.68e-14,Masked,33,7775
430532,FFT1DOnce,867,omega_r,2.9103830456733704e-11,-4.1158804972446005e-11,8.53e-14,Masked,17,26908
230453,Reverse,833,x,-9.313225746154785e-10,5.297373701149807e-10,8.53e-14,Masked,21,14403
196779,FFT1DOnce,873,x_r,-0.015625,-0.014933938203564085,3.695e-13,Masked,45,12298
168051,FFT1DOnce,878,x1,-7.275957614183426e-12,2.4228898022579925e-12,1.99e-13,Masked,13,10503
391511,FFT1DOnce,876,x2,-3.814697265625e-06,2.1856644209470407e-07,8.53e-14,Masked,29,24469
490902,FFT1DOnce,872,tau_c,-1.4901161193847656e-08,1.2698972632694575e-08,2.84e-14,Masked,25,30681
9492,FFT1DOnce,876,x2,1.4551915228366852e-11,-4.895122186903654e-11,5.68e-14,Masked,17,593
333660,FFT1DOnce,872,tau_c,1.0,0.15643032184053543,3.979e-13,Masked,49,20853
165851,FFT1DOnce,872,tau_c,0.0078125,-0.014310823779254831,1.137e-13,Masked,45,10365
157303,FFT1DOnce,878,x1,1.1920928955078125e-07,-1.790046429861057e-07,1.421e-13,Masked,29,9831
466260,FFT1DOnce,876,x2,7.450580596923828e-09,3.777321396246907e-11,2.91891e-11,Masked,17,29141
489888,FFT1DOnce,869,x_r,-8.881784197001252e-16,-4.939034837963913e-16,8.53e-14,Masked,1,30618
434403,FFT1DOnce,873,x_r,-2.9103830456733704e-11,3.6023641923541055e-12,2.84e-14,Masked,13,27150
127136,FFT1DOnce,873,x_r,-1.6653345369377348e-16,-3.454582494197907e-16,5.68e-14,Masked,1,7946
535312,CopyColumn,820,dest,4.440892098500626e-16,7.622930732898821e-16,8.53e-14,Masked,1,33457
379067,TwiddleOneCol,715,tx,0.0625,-0.012524411053816293,0.0,Masked,45,23691
450260,FFT1DOnce,876,x2,-4.656612873077393e-10,-5.29682386522022e-11,5.68e-14,Masked,17,28141
348746,FFT1DOnce,867,omega_r,0.0009765625,0.0009765625,1.137e-13,Masked,41,21796
3268,Transpose,803,dest,-1.4551915228366852e-11,3.161923703792711e-11,1.44951e-11,Masked,17,204
502660,Scale,725,x,-2.9103830456733704e-11,5.118638162089661e-11,2.90186e-11,Masked,17,31416
443883,FFT1DOnce,869,x_r,-0.03125,0.010473500643316353,1.137e-13,Masked,45,27742
327618,FFT1DOnce,867,omega_r,1.1368683772161603e-13,-1.607765819236172e-13,3.126e-13,Masked,9,20476
116911,FFT1DOnce,869,x_r,1.0089004805684585e+307,inf,nan,DUE,61,7306
284039,FFT1DOnce,867,omega_r,2.384185791015625e-07,2.384185791015625e-07,1.99e-13,Masked,29,17752
286228,FFT1DOnce,872,tau_c,4.656612873077393e-10,3.544185921518953e-11,2.274e-13,Masked,17,17889
84178,FFT1DOnce,876,x2,-5.689893001203927e-14,1.2032142948122017e-13,2.84e-14,Masked,9,5261
251557,Transpose,803,dest,-3.725290298461914e-09,6.092108801319311e-10,1.705e-13,Masked,21,15722
327707,FFT1DOnce,872,tau_c,-0.25,0.01027682495431515,1.705e-13,Masked,45,20481
481117,FFT1DOnce,876,x2,-168.22744485106512,0.9375,0.6571384564493883,SDC,53,30069
322149,TwiddleOneCol,709,tomega_r,2.328305881427184e-10,5.1785123604303e-10,2.84e-14,Masked,21,20134
90804,FFT1DOnce,870,x_c,5.820766091346741e-11,5.440975564660577e-11,5.82645e-11,Masked,17,5675
242786,FFT1DOnce,869,x_r,9.094947017729282e-13,2.1771305193866665e-13,3.979e-13,Masked,9,15174
120890,TwiddleOneCol,715,tx,-0.000244140625,0.0005321098309043175,5.68e-14,Masked,41,7555
25309,FFT1DOnce,868,omega_c,0.0,0,8.53e-14,Masked,53,1581
495003,FFT1DOnce,876,x2,0.0625,0.015052894847579826,0.0002441406250853,Masked,45,30937
155185,FFT1DOnce,878,x1,2.842170943040401e-14,-8.765360438141538e-15,8.53e-14,Masked,5,9699
440353,FFT1DOnce,877,x1,1.8189894035458565e-12,1.3002913072134523e-14,1.137e-13,Masked,5,27522
514909,FFT1DOnce,872,tau_c,394.7875250436499,15.0,1.137e-13,Masked,53,32181
128238,TwiddleOneCol,711,tx_r,-0.3309611991439002,1.0,8.53e-14,Masked,57,8014
297238,TwiddleOneCol,712,tx_c,2.384185791015625e-07,1.1930820452060652e-08,2.84e-14,Masked,25,18577
10228,FFT1DOnce,874,x_c,-5.820766091346741e-11,4.3958153217984796e-11,5.81224e-11,Masked,17,639
428114,FFT1DOnce,872,tau_c,-1.8189894035458565e-12,1.3433106985005846e-13,8.53e-14,Masked,9,26757
40115,TwiddleOneCol,712,tx_c,-1.1359663210086524e-13,-3.267118643982514e-12,0.0,Masked,13,2507
331086,Reverse,832,x,-8.470400252582363e+19,-1.8446744073709552e+19,63.94696235180453,SDC,57,20692
395653,Reverse,832,x,4.656612873077393e-10,-5.252465848668481e-10,1.99e-13,Masked,21,24728
344050,FFT1DOnce,874,x_c,-4.547473508864641e-13,1.1731653840786924e-13,1.137e-13,Masked,9,21503
221171,FFT1DOnce,874,x_c,-7.275957614183426e-12,3.086890549227298e-12,2.558e-13,Masked,13,13823
504763,FFT1DOnce,870,x_c,0.0625,0.00816413262877484,2.84e-14,Masked,45,31547
307028,Reverse,832,x,-5.820766091346741e-11,-4.3775947190829226e-11,8.53e-14,Masked,17,19189
388847,FFT1DOnce,877,x1,-11.355028051353038,1.0,5.4e-13,Masked,61,24302
286403,FFT1DOnce,871,tau_r,-4.548028620376954e-13,1.904345163429347e-12,8.53e-14,Masked,13,17900
238750,FFT1DOnce,868,omega_c,0.0,0,8.53e-14,Masked,57,14921
457834,FFT1DOnce,873,x_r,0.125,0.0008385625306688632,0.0019531250000853,Masked,41,28614
493477,FFT1DOnce,877,x1,-2.9802322387695312e-08,7.117961942367718e-10,8.53e-14,Masked,21,30842
273381,Transpose,803,dest,4.656612873077393e-10,-5.294627944391005e-10,2.842e-13,Masked,21,17086
93812,FFT1DOnce,878,x1,-2.9103830456733704e-11,3.1551662728243737e-11,5.68e-14,Masked,17,5863
240155,FFT1DOnce,872,tau_c,-0.03125,-0.013354676174096972,0.0,Masked,45,15009
410726,Transpose,803,dest,5.960464477539063e-08,-9.271764174055556e-09,8.53e-14,Masked,25,25670
312625,FFT1DOnce,878,x1,-5.684341886080802e-14,1.0023424808876971e-14,8.53e-14,Masked,5,19539
1347,Transpose,803,dest,-9.094947017729282e-13,3.2184736791377503e-12,8.527e-13,Masked,13,84
526230,Transpose,804,dest,-7.450580596923828e-09,1.4506351534820291e-08,7.4504953e-09,Masked,25,32889
319311,FFT1DOnce,875,x2,-3.1574304027816718,1.0,1.421e-13,Masked,61,19956
12786,FFT1DOnce,878,x1,2.2737367544323206e-13,-2.0293082286195685e-13,8.53e-14,Masked,9,799
217983,FFT1DOnce,878,x1,2.4441682700130194,-1.0,1.421e-13,Masked,61,13623
7267,Transpose,803,dest,-1.8189894035458565e-12,3.244988167704458e-12,1.7337e-12,Masked,13,454
383845,FFT1DOnce,877,x1,7.450580596923828e-09,8.663522237516014e-10,8.53e-14,Masked,21,23990
439013,FFT1DOnce,873,x_r,5.960464477539063e-08,6.142212317882005e-10,4.657466e-10,Masked,21,27438
108767,FFT1DOnce,876,x2,-1.3744794583180764e+308,-inf,nan,DUE,61,6797
258194,CopyColumn,820,dest,-9.094947017729282e-13,-1.5496104577440555e-13,2.274e-13,Masked,9,16137
494812,FFT1DOnce,876,x2,-16.0,0.17817738738173516,0.0624999999999147,SDC,49,30925
420064,FFT1DOnce,869,x_r,8.881784197001252e-16,-6.07707727052361e-16,5.68e-14,Masked,1,26254
200862,FFT1DOnce,876,x2,0.8403124862234308,-1.0,2.274e-13,Masked,57,12553
259716,CopyColumn,819,dest,1.1641532182693481e-10,-3.89032422787334e-11,2.274e-13,Masked,17,16232
269220,Transpose,803,dest,1.1641532182693481e-10,3.4762397665022515e-11,1.705e-13,Masked,17,16826
112795,TwiddleOneCol,712,tx_c,-0.015625,-0.013084952357692692,1.137e-13,Masked,45,7049
4126,Transpose,804,dest,-0.5742587645040373,1.0,0.5742587645039805,SDC,57,257
323379,FFT1DOnce,878,x1,-1.4551915228366852e-11,-3.462933571427966e-12,4.547e-13,Masked,13,20211
280969,TwiddleOneCol,709,tomega_r,6.103515625e-05,6.103515625e-05,0.0010490435897168,Masked,37,17560
442718,FFT1DOnce,868,omega_c,-0.9999999999932537,1.0,8.53e-14,Masked,57,27669
217027,FFT1DOnce,867,omega_r,-1.8189894035458565e-12,-1.9688547005612097e-12,5.116e-13,Masked,13,13564
387385,Reverse,833,x,0.000244140625,-3.663619965520773e-05,8.53e-14,Masked,37,24211
132216,FFT1DOnce,878,x1,1.9073486328125e-06,2.3597923912948673e-06,2.84e-14,Masked,33,8263
407179,Transpose,803,dest,0.125,0.009756973078959482,1.421e-13,Masked,45,25448
70433,FFT1DOnce,869,x_r,-7.105427357601002e-15,-7.933089509943241e-15,8.53e-14,Masked,5,4402
344684,FFT1DOnce,877,x1,-2.0,0.1703028778890777,0.0,Masked,49,21542
301895,FFT1DOnce,867,omega_r,4.5469999962713024e-13,-1.2378835018459185e-07,5.4e-13,Masked,29,18868
230621,Reverse,832,x,-1.0198109329993692,-14.999999999999995,2.84e-14,Masked,53,14413
162020,FFT1DOnce,873,x_r,-5.820766091346741e-11,-4.310850977892213e-11,2.842e-13,Masked,17,10126
389091,FFT1DOnce,869,x_r,-7.275957614183426e-12,-1.8192346359714114e-12,2.274e-13,Masked,13,24318
211778,FFT1DOnce,875,x2,9.094947017729282e-13,-2.1507890729558528e-13,1.99e-13,Masked,9,13236
9307,FFT1DOnce,876,x2,-0.00390625,0.014719246217951275,5.68e-14,Masked,45,581
409753,Transpose,804,dest,-6.103515625e-05,3.7456788574435286e-05,8.53e-14,Masked,37,25609
82796,FFT1DOnce,873,x_r,0.25,0.21802809320936287,0.2500000000000568,SDC,49,5174
37489,FFT1DOnce,874,x_c,-5.684341886080802e-14,1.1990072023428867e-14,5.68e-14,Masked,5,2343
507743,FFT1DOnce,876,x2,-55.2453394971007,1.0,5.68e-14,Masked,61,31733
494082,FFT1DOnce,867,omega_r,2.2737367544323206e-13,2.2737367544323206e-13,8.53e-14,Masked,9,30880
67425,FFT1DOnce,873,x_r,-7.105427357601002e-15,9.066209409341477e-15,5.68e-14,Masked,5,4214
443504,FFT1DOnce,870,x_c,-1.4210854715202004e-14,5.979190093254555e-16,8.53e-14,Masked,1,27719
125421,FFT1DOnce,873,x_r,-1.3796037146875362,0.9375,1.3796037146874482,SDC,53,7838
141170,Transpose,804,dest,4.547473508864641e-13,-1.3023320643441978e-13,5.68e-14,Masked,9,8823
294863,FFT1DOnce,871,tau_r,15.360488943661231,-1.0,3.126e-13,Masked,61,18428
324132,FFT1DOnce,877,x1,2.3283064365386963e-10,4.7701764571890546e-11,3.411e-13,Masked,17,20258
323791,FFT1DOnce,867,omega_r,inf,inf,nan,DUE,61,20236
62525,FFT1DOnce,878,x1,1.7372233489829887,-0.9375,1.421e-13,Masked,53,3907
495974,Scale,725,x,2.910389984567274e-11,9.633168299109978e-09,2.91891e-11,Masked,25,30998
29141,FFT1DOnce,868,omega_c,4.656612873077393e-10,-6.585481364662788e-10,8.53e-14,Masked,21,1821
132032,FFT1DOnce,867,omega_r,0.0,-0.0,8.53e-14,Masked,1,8252
213133,FFT1DOnce,875,x2,37.39963600696013,15.0,1.705e-13,Masked,53,13320
438025,FFT1DOnce,871,tau_r,0.0009765625,-5.031381198398829e-05,8.53e-14,Masked,37,27376
521109,FFT1DOnce,868,omega_c,-4.656612873077393e-10,4.656612873108808e-10,8.53e-14,Masked,21,32569
540435,CopyColumn,820,dest,1.8189894035458565e-12,2.315901953406617e-12,1.9043e-12,Masked,13,33777
436382,FFT1DOnce,876,x2,2.4219851002963705e+21,1.8446744073709552e+19,1.8921758596065395e+19,SDC,57,27273
230415,Reverse,832,x,nan,nan,nan,DUE,61,14400
226928,FFT1DOnce,874,x_c,4.440892098500626e-16,-4.716252721665292e-16,8.53e-14,Masked,1,14183
51493,FFT1DOnce,873,x_r,-2.328305881427184e-10,5.533256401263508e-10,5.68e-14,Masked,21,3218
443117,FFT1DOnce,869,x_r,131.01946251532115,15.000000000000002,1.137e-13,Masked,53,27694
68437,FFT1DOnce,876,x2,9.313225746154785e-10,-6.968634066293345e-10,8.53e-14,Masked,21,4277
399016,FFT1DOnce,877,x1,-3.0517578125e-05,-1.9688908116044323e-06,1.99e-13,Masked,33,24938
365892,FFT1DOnce,871,tau_r,2.3283064365386963e-10,5.213838986823776e-11,3.411e-13,Masked,17,22868
486230,FFT1DOnce,876,x2,1.9073486328125e-06,9.612818524892736e-09,1.49012465e-08,Masked,25,30389
488472,FFT1DOnce,872,tau_c,0.0001220703125,3.008023882947162e-06,8.53e-14,Masked,33,30529
133799,FFT1DOnce,869,x_r,2.9802322387695312e-08,1.5199110186911168e-07,8.53e-14,Masked,29,8362
159205,FFT1DOnce,877,x1,4.656612873077393e-10,-7.726981956139507e-10,8.53e-14,Masked,21,9950
355706,FFT1DOnce,870,x_c,0.000244140625,-0.0006887501396855827,5.68e-14,Masked,41,22231
464979,FFT1DOnce,868,omega_c,1.8189894035458565e-12,2.5724536580714015e-12,5.68e-14,Masked,13,29061
339085,Reverse,832,x,-1.0869854596655224,0.9374999999999999,3.695e-13,Masked,53,21192
510265,Reverse,833,x,-0.00048828125,-5.9794056782858794e-05,8.53e-14,Masked,37,31891
66546,FFT1DOnce,878,x1,-5.689893001203927e-14,1.4262707252281822e-13,0.0,Masked,9,4159
177399,FFT1DOnce,874,x_c,-2.384185791015625e-07,1.2581874581955448e-07,3.411e-13,Masked,29,11087
465592,FFT1DOnce,870,x_c,3.0517578125e-05,2.693856910066104e-06,5.68e-14,Masked,33,29099
186600,FFT1DOnce,873,x_r,-7.62939453125e-06,-2.6373057988577113e-06,1.421e-13,Masked,33,11662
420134,FFT1DOnce,873,x_r,5.960464477539063e-08,-1.1224267267742015e-08,2.84e-14,Masked,25,26258
340872,FFT1DOnce,867,omega_r,3.814697265625e-06,3.814697265625e-06,3.411e-13,Masked,33,21304
504960,FFT1DOnce,871,tau_r,1.4210854715202004e-14,5.181975059559833e-16,8.53e-14,Masked,1,31560
228150,FFT1DOnce,878,x1,5.960464477539063e-08,1.0544784418913222e-08,4.263e-13,Masked,25,14259
399571,FFT1DOnce,876,x2,3.637978807091713e-12,-3.2158936735245118e-12,1.137e-13,Masked,13,24973
251646,Transpose,804,dest,0.939174371106029,-1.0,8.53e-14,Masked,57,15727
504126,FFT1DOnce,878,x1,1.381208855685136,-1.0,2.84e-14,Masked,57,31507
471118,FFT1DOnce,871,tau_r,6.945174518556041e+20,1.8446744073709552e+19,233.59498737003014,SDC,57,29444
507180,FFT1DOnce,877,x1,8.0,0.2102676263453229,0.0625000000000568,SDC,49,31698
371941,FFT1DOnce,877,x1,-3.725290298461914e-09,6.419600954649558e-10,1.421e-13,Masked,21,23246
2450,Transpose,804,dest,1.1368683772161603e-13,1.6675251992218353e-13,1.99e-13,Masked,9,153
211423,FFT1DOnce,876,x2,nan,nan,nan,DUE,61,13213
500959,FFT1DOnce,868,omega_c,1.271154002281709e+308,inf,nan,DUE,61,31309
445081,FFT1DOnce,872,tau_c,-0.000244140625,-3.5440350079834546e-05,8.53e-14,Masked,37,27817
62173,FFT1DOnce,868,omega_c,0.8661380500910938,-0.9374999999999999,1.137e-13,Masked,53,3885
285876,FFT1DOnce,874,x_c,-5.820766091346741e-11,-3.246796340706273e-11,4.263e-13,Masked,17,17867
379052,TwiddleOneCol,714,tx,-2.0,0.14178275332757978,0.0,Masked,49,23690
116015,FFT1DOnce,873,x_r,1.6705749409553927e+307,inf,nan,DUE,61,7250
289136,TwiddleOneCol,710,tomega_c,1.0061396160665481e-16,4.099783606240661e-15,8.53e-14,Masked,1,18071
104937,TwiddleOneCol,714,tx,3.0517578125e-05,5.526574585669161e-05,0.0,Masked,37,6558
42645,FFT1DOnce,872,tau_c,1.45519984950937e-11,8.912263208317745e-10,5.68e-14,Masked,21,2665
280819,FFT1DOnce,870,x_c,-1.4551915228366852e-11,2.0701978726303394e-12,1.421e-13,Masked,13,17551
444571,FFT1DOnce,876,x2,-0.25,-0.011780876467606853,8.53e-14,Masked,45,27785
346274,TwiddleOneCol,711,tx_r,-3.637978807091713e-12,1.4444010092932658e-13,1.99e-13,Masked,9,21642
144848,Transpose,804,dest,3.3306690738754696e-16,-9.47109985644776e-16,8.53e-14,Masked,1,9053
521605,FFT1DOnce,875,x2,-2.9802322387695312e-08,5.070364104683629e-10,8.53e-14,Masked,21,32600
313755,TwiddleOneCol,712,tx_c,0.25,0.009585877464057566,0.0,Masked,45,19609
407065,Transpose,804,dest,-0.000244140625,4.320434963442436e-05,1.137e-13,Masked,37,25441
182711,FFT1DOnce,870,x_c,2.384185791015625e-07,-2.2166936708324037e-07,1.705e-13,Masked,29,11419
16215,TwiddleOneCol,712,tx_c,-2.980232241545089e-08,1.63042525192201e-07,1.421e-13,Masked,29,1013
417082,FFT1DOnce,870,x_c,-0.0625,0.000742049589790168,8.53e-14,Masked,41,26067
90390,FFT1DOnce,868,omega_c,0.0,0,8.53e-14,Masked,25,5649
353362,FFT1DOnce,868,omega_c,-5.678790770957676e-14,1.483962570713211e-13,2.84e-14,Masked,9,22085
90276,FFT1DOnce,873,x_r,-2.9103830456733704e-11,4.9543819098401075e-11,2.90754e-11,Masked,17,5642
112963,TwiddleOneCol,711,tx_r,3.637978807091713e-12,2.195328739619482e-12,1.137e-13,Masked,13,7060
390761,FFT1DOnce,877,x1,0.000244140625,-5.731534998636804e-05,2.558e-13,Masked,37,24422
52232,FFT1DOnce,871,tau_r,9.5367431640625e-07,2.488213158236096e-06,2.84e-14,Masked,33,3264
58978,FFT1DOnce,873,x_r,-2.2737367544323206e-13,1.2185512622939417e-13,1.705e-13,Masked,9,3686
367822,FFT1DOnce,871,tau_r,-1.622235992968681e+20,-1.8446744073709552e+19,769.8382420190728,SDC,57,22988
379059,TwiddleOneCol,715,tx,-1.4551915228366852e-11,-2.916066687045687e-12,8.53e-14,Masked,13,23691
112952,TwiddleOneCol,710,tomega_c,-1.9073486328125e-06,1.9931677915386507e-06,1.137e-13,Masked,33,7059
402728,TwiddleOneCol,711,tx_r,-3.0517578125e-05,-2.214463113632129e-06,1.421e-13,Masked,33,25170
113540,FFT1DOnce,875,x2,-2.9103830456733704e-11,4.851433084047731e-11,5.68e-14,Masked,17,7096
333321,FFT1DOnce,875,x2,-0.00048828125,3.78540622537256e-05,2.558e-13,Masked,37,20832
96794,TwiddleOneCol,715,tx,0.00048828125,-0.0006631738042812437,8.53e-14,Masked,41,6049
209618,FFT1DOnce,872,tau_c,-9.094947017729282e-13,-2.1511436176859884e-13,4.547e-13,Masked,9,13101
394937,TwiddleOneCol,710,tomega_c,-3.0517578125e-05,-5.12292262319858e-05,2.84e-14,Masked,37,24683
358469,FFT1DOnce,875,x2,-3.725290298461914e-09,6.461286954102633e-10,2.558e-13,Masked,21,22404
243854,FFT1DOnce,875,x2,0.2148569352408696,-1.0,1.99e-13,Masked,57,15240
493014,FFT1DOnce,872,tau_c,-1.1920928955078125e-07,1.0940016651397967e-08,8.53e-14,Masked,25,30813
310063,FFT1DOnce,873,x_r,8.597498470853722,-1.0,4.263e-13,Masked,61,19378
50582,FFT1DOnce,876,x2,4.656613011855271e-10,-1.1951897992728671e-08,8.53e-14,Masked,25,3161
104158,TwiddleOneCol,712,tx_c,0.867640633828812,-1.0,2.84e-14,Masked,57,6509
245357,FFT1DOnce,873,x_r,1.8163925929488993,-0.9375,2.274e-13,Masked,53,15334
174656,FFT1DOnce,871,tau_r,3.552713678800501e-15,8.444442688128155e-16,5.68e-14,Masked,1,10916
384604,FFT1DOnce,876,x2,-4.0,-0.1457805150571716,0.0,Masked,49,24037
185549,FFT1DOnce,867,omega_r,-0.9375,0.9375,1.705e-13,Masked,53,11596
371121,TwiddleOneCol,710,tomega_c,7.105427357601002e-15,-9.013010774234061e-15,8.53e-14,Masked,5,23195
277815,FFT1DOnce,874,x_c,2.384185791015625e-07,-1.3410108745797472e-07,5.116e-13,Masked,29,17363
138283,Transpose,803,dest,0.015625,0.014640582847447474,1.137e-13,Masked,45,8642
157411,FFT1DOnce,873,x_r,-3.637978807091713e-12,-3.387928554802191e-12,5.4e-13,Masked,13,9838
270776,Transpose,804,dest,2.384185790876847e-07,2.418692004912926e-06,2.274e-13,Masked,33,16923
313234,TwiddleOneCol,710,tomega_c,0.0,0,8.53e-14,Masked,9,19577
447146,Reverse,833,x,0.015625,-0.0006061216375328595,2.84e-14,Masked,41,27946
489940,FFT1DOnce,872,tau_c,9.313225746154785e-10,-3.6500663344629795e-11,8.53e-14,Masked,17,30621
449277,FFT1DOnce,874,x_c,-159.03505282135177,-15.000000000000002,2.84e-14,Masked,53,28079
446257,FFT1DOnce,874,x_c,1.8189894035458565e-12,1.0822920488284412e-14,8.53e-14,Masked,5,27891
177727,FFT1DOnce,870,x_c,3.989557009078114,-1.0,5.116e-13,Masked,61,11107
533998,CopyColumn,819,dest,-0.4258885385798371,1.0,0.4258885385797555,SDC,57,33374
504873,FFT1DOnce,877,x1,-0.00048828125,3.2578265279551295e-05,5.68e-14,Masked,37,31554
186498,FFT1DOnce,867,omega_r,2.2737367544323206e-13,2.2737367544323206e-13,2.274e-13,Masked,9,11656
74002,FFT1DOnce,876,x2,-1.1368683772161603e-13,-1.6785401453118552e-13,5.68e-14,Masked,9,4625
20517,FFT1DOnce,869,x_r,-9.313225746154785e-10,7.883816524734555e-10,9.312657e-10,Masked,21,1282
328236,FFT1DOnce,869,x_r,-2.0,0.17475218430514855,2.274e-13,Masked,49,20514
12235,FFT1DOnce,867,omega_r,-0.0078125,-0.01104848258119361,8.53e-14,Masked,45,764
404789,Transpose,804,dest,1.4901161193847656e-08,-7.83013237471142e-10,2.84e-14,Masked,21,25299
66065,FFT1DOnce,872,tau_c,-7.105427357601002e-15,8.594037199648963e-15,5.68e-14,Masked,5,4129
340084,FFT1DOnce,878,x1,-1.1641532182693481e-10,5.67454256268138e-11,1.99e-13,Masked,17,21255
188048,FFT1DOnce,868,omega_c,0.0,0,8.53e-14,Masked,1,11753
100841,FFT1DOnce,873,x_r,3.0517578125e-05,-5.8201893295551185e-05,8.53e-14,Masked,37,6302
260160,CopyColumn,819,dest,-3.552713678800501e-15,-6.525741412478684e-16,8.53e-14,Masked,1,16260
278782,FFT1DOnce,874,x_c,-4.315261233199977e+19,-1.8446744073709552e+19,253.01323325193943,SDC,57,17423
341633,FFT1DOnce,867,omega_r,1.4210854715202004e-14,1.4210854715202004e-14,8.53e-14,Masked,5,21352
208270,FFT1DOnce,871,tau_r,1.553328707688721,-1.0,1.137e-13,Masked,57,13016
62645,FFT1DOnce,874,x_c,4.656612873077393e-10,5.886960248410623e-10,8.53e-14,Masked,21,3915
340682,FFT1DOnce,867,omega_r,0.0009765625,0.0009765625,1.705e-13,Masked,41,21292
51862,FFT1DOnce,872,tau_c,-3.725290298461914e-09,-8.0279234026338e-09,2.84e-14,Masked,25,3241
27189,FFT1DOnce,878,x1,9.313225746154785e-10,5.412050758726497e-10,9.313794e-10,Masked,21,1699
323656,FFT1DOnce,871,tau_r,1.9073486328125e-06,-2.4200916178205165e-06,2.842e-13,Masked,33,20228
355120,Reverse,833,x,-1.7763568394002505e-15,-7.351419338896502e-16,8.53e-14,Masked,1,22195
101671,FFT1DOnce,877,x1,-1.1920928955078125e-07,-1.4301445117828768e-07,8.53e-14,Masked,29,6354
342989,FFT1DOnce,867,omega_r,0.6629162598732845,-0.9375,5.68e-14,Masked,53,21436
456188,FFT1DOnce,878,x1,32.0,0.23219486660498045,0.5000000000000568,SDC,49,28511
370932,TwiddleOneCol,710,tomega_c,-1.4551915228366852e-11,-4.043291555013642e-11,0.0,Masked,17,23183
421598,FFT1DOnce,868,omega_c,-0.9999999999932537,1.0,2.84e-14,Masked,57,26349
22303,FFT1DOnce,872,tau_c,3.145457281211285e+307,inf,nan,DUE,61,1393
387490,Reverse,833,x,2.2737367544323206e-13,-1.8848460548393938e-13,1.137e-13,Masked,9,24218
152680,FFT1DOnce,877,x1,1.9073486328125e-06,1.9112687018627785e-06,1.421e-13,Masked,33,9542
256566,Transpose,804,dest,-2.9802322387695312e-08,-8.88666581778056e-09,2.84e-14,Masked,25,16035
23182,TwiddleOneCol,709,tomega_r,-0.9951847041698544,1.0,2.84e-14,Masked,57,1448
339655,FFT1DOnce,875,x2,1.9073486328125e-06,-1.5248212292562955e-07,6.537e-13,Masked,29,21228
227976,FFT1DOnce,867,omega_r,3.814697265625e-06,3.814697265625e-06,1.705e-13,Masked,33,14248
528601,Transpose,804,dest,7.629394531194489e-06,5.3821250739390614e-05,7.6293946165e-06,Masked,37,33037
109392,FFT1DOnce,868,omega_c,-4.440892098500626e-16,-6.280358300223614e-16,8.53e-14,Masked,1,6837
50394,FFT1DOnce,876,x2,-7.629394531300307e-06,-0.0007618436419034654,5.68e-14,Masked,41,3149
504839,FFT1DOnce,875,x2,9.5367431640625e-07,1.465200462137111e-07,2.84e-14,Masked,29,31552
213900,FFT1DOnce,875,x2,0.25,-0.1760089454263469,2.274e-13,Masked,49,13368
232066,FFT1DOnce,871,tau_r,2.2737367544323206e-13,2.2218951372335636e-13,2.84e-14,Masked,9,14504
37800,FFT1DOnce,869,x_r,-9.5367431640625e-07,-1.9937223386988738e-06,5.68e-14,Masked,33,2362
340838,FFT1DOnce,877,x1,2.9802322387695312e-08,-7.74080532191364e-09,3.411e-13,Masked,25,21302
241284,FFT1DOnce,871,tau_r,-2.3283064365386963e-10,-5.0580451957815395e-11,1.99e-13,Masked,17,15080
221754,FFT1DOnce,874,x_c,-0.0009765625,0.0007903212269716611,2.274e-13,Masked,41,13859
281690,TwiddleOneCol,712,tx_c,0.125,0.0009320392296437955,0.0078125000000853,Masked,41,17605
129276,Reverse,833,x,0.125,0.20738053035966483,0.1250000000000568,SDC,49,8079
291141,FFT1DOnce,867,omega_r,9.313225746154785e-10,9.313225746154785e-10,1.137e-13,Masked,21,18196
227413,FFT1DOnce,868,omega_c,-4.656612873077393e-10,-6.585432985015276e-10,2.842e-13,Masked,21,14213
80781,Reverse,832,x,-0.7141818683024959,0.9375,0.7141818683024326,SDC,53,5048
297737,TwiddleOneCol,714,tx,0.0009765625,4.129472017823757e-05,8.53e-14,Masked,37,18608
230935,FFT1DOnce,872,tau_c,-2.384185791015625e-07,1.3561276674943507e-07,1.137e-13,Masked,29,14433
95965,TwiddleOneCol,710,tomega_c,0.9329859976884749,-0.9375,1.137e-13,Masked,53,5997
95877,TwiddleOneCol,711,tx_r,9.313225746154785e-10,6.130112256741657e-10,8.53e-14,Masked,21,5992
48239,TwiddleOneCol,709,tomega_r,5.218376372988225e+307,inf,nan,DUE,61,3014
203643,FFT1DOnce,870,x_c,0.015625,0.012382274514267601,3.979e-13,Masked,45,12727
231068,FFT1DOnce,868,omega_c,0.0,0,8.53e-14,Masked,49,14441
249184,FFT1DOnce,873,x_r,4.440892098500626e-16,-7.681902400762781e-16,8.53e-14,Masked,1,15574
345741,TwiddleOneCol,714,tx,-124.75809461953762,-15.0,8.53e-14,Masked,53,21608
90056,FFT1DOnce,871,tau_r,-1.9073486328125e-06,3.193877536163556e-06,1.907348576e-06,Masked,33,5628
408811,Transpose,803,dest,0.25,-0.01228734689235454,0.0,Masked,45,25550
228521,FFT1DOnce,877,x1,-0.000244140625,-4.962566345078849e-05,5.116e-13,Masked,37,14282
460768,Scale,725,x,-1.1102230246251565e-16,5.40012255904055e-16,8.53e-14,Masked,1,28798
436366,FFT1DOnce,875,x2,4.470849518548927e+21,1.8446744073709552e+19,3.4928511863663493e+19,SDC,57,27272
336105,FFT1DOnce,869,x_r,0.000244140625,4.311415128116776e-05,8.53e-14,Masked,37,21006
282851,Reverse,833,x,-7.275957614183426e-12,2.5317336902595277e-12,1.705e-13,Masked,13,17678
385965,TwiddleOneCol,714,tx,1.3701771944017485,-0.9375000000000001,0.0,Masked,53,24122
316635,FFT1DOnce,876,x2,-0.03125,-0.011071096819909022,5.116e-13,Masked,45,19789
502937,Scale,726,x,1.52587890625e-05,3.097250585282599e-05,1.52587891478e-05,Masked,37,31433
268010,Transpose,803,dest,-0.00048828125,0.0007046142015470656,1.137e-13,Masked,41,16750
600,Transpose,804,dest,-4.76837158203125e-07,3.09210996974952e-06,4.768371014e-07,Masked,33,37
404909,Transpose,803,dest,251.51748983931813,15.0,2.84e-14,Masked,53,25306
213489,FFT1DOnce,874,x_c,9.020562075079397e-16,-7.866673418888413e-15,8.53e-14,Masked,5,13343
350501,FFT1DOnce,869,x_r,-3.725290298461914e-09,-8.5403211784246e-10,1.99e-13,Masked,21,21906
394154,TwiddleOneCol,709,tomega_r,0.00048828125,0.0009497774895521657,0.0,Masked,41,24634
478373,FFT1DOnce,873,x_r,1.4901161193847656e-08,-6.837777801586023e-10,0.0,Masked,21,29898
322573,TwiddleOneCol,711,tx_r,42.08924956685785,-0.9375,2.84e-14,Masked,53,20160
212063,FFT1DOnce,868,omega_c,-2.0,0,0.0,Masked,61,13253
343940,FFT1DOnce,867,omega_r,5.820766091346741e-11,5.820766091346741e-11,1.137e-13,Masked,17,21496
341185,FFT1DOnce,875,x2,-1.1368683772161603e-13,8.730505337534543e-15,8.53e-14,Masked,5,21324
502500,FFT1DOnce,869,x_r,-4.656612873077393e-10,4.7394862162033534e-11,8.53e-14,Masked,17,31406
71335,TwiddleOneCol,714,tx,-2.384185791015625e-07,1.98349194502456e-07,0.0,Masked,29,4458
407178,Transpose,803,dest,-0.0078125,0.0006098108174349676,8.53e-14,Masked,41,25448
519306,FFT1DOnce,875,x2,-0.03125,0.0005252687454578288,0.0004882812499147,Masked,41,32456
386621,TwiddleOneCol,712,tx_c,-113.35897062683543,-15.0,1.421e-13,Masked,53,24163
439528,Scale,725,x,9.5367431640625e-07,1.9403286171239106e-06,9.536744017e-07,Masked,33,27470
72586,TwiddleOneCol,714,tx,0.000244140625,0.0006802362878176714,0.0,Masked,41,4536
420930,FFT1DOnce,875,x2,1.4551915228366852e-11,1.9247598937340229e-13,3.126e-13,Masked,9,26308
494670,FFT1DOnce,867,omega_r,-0.3826808871643774,1.0,5.68e-14,Masked,57,30916
459044,FFT1DOnce,877,x1,-7.450580596923828e-09,3.973112690122799e-11,2.90186e-11,Masked,17,28690
217073,FFT1DOnce,870,x_c,-1.8041124150158794e-15,9.47846371542032e-15,8.53e-14,Masked,5,13567
409410,Transpose,803,dest,-3.637978807091713e-12,-1.152944520455515e-13,1.137e-13,Masked,9,25588
72771,Reverse,832,x,1.8189894035458565e-12,1.8824997410610452e-12,1.9043e-12,Masked,13,4548
360858,FFT1DOnce,868,omega_c,-0.00048828125,0.0004882812500032941,8.53e-14,Masked,41,22553
290913,Reverse,833,x,-1.4210854715202004e-14,-1.380040842473964e-14,8.53e-14,Masked,5,18182
390683,FFT1DOnce,872,tau_c,-0.0625,0.014831438456185269,3.979e-13,Masked,45,24417
437818,FFT1DOnce,870,x_c,0.03125,-0.0004932005144445328,8.53e-14,Masked,41,27363
298005,TwiddleOneCol,712,tx_c,1.4901161193847656e-08,-5.748800556333929e-10,0.0,Masked,21,18625
77155,FFT1DOnce,869,x_r,-1.8189894035458565e-12,-1.860159169625972e-12,5.68e-14,Masked,13,4822
49364,FFT1DOnce,872,tau_c,1.455185971721562e-11,4.74942194528905e-11,1.46088e-11,Masked,17,3085
208031,FFT1DOnce,868,omega_c,-1.7976931348501882e+308,-inf,nan,DUE,61,13001
311853,FFT1DOnce,877,x1,101.69521790508817,15.0,1.137e-13,Masked,53,19490
270345,Transpose,803,dest,6.103515625e-05,4.253842546845308e-05,8.53e-14,Masked,37,16896
51562,FFT1DOnce,877,x1,0.00048828125,0.0006820042415413583,8.53e-14,Masked,41,3222
195876,FFT1DOnce,877,x1,-5.820766091346741e-11,4.410299763800448e-11,5.4e-13,Masked,17,12242
302608,FFT1DOnce,876,x2,-7.105427357601002e-15,7.292774327728856e-16,8.53e-14,Masked,1,18913
119147,FFT1DOnce,877,x1,0.015625,0.010572995382336811,2.84e-14,Masked,45,7446
510449,Reverse,833,x,5.684341886080802e-14,8.1759600864019e-15,8.53e-14,Masked,5,31903
395906,FFT1DOnce,875,x2,-4.547473508864641e-13,-1.3817955698762816e-13,1.137e-13,Masked,9,24744
488632,Scale,726,x,1.9073486328125e-06,2.0510089832155504e-06,1.9073487181e-06,Masked,33,30539
424128,FFT1DOnce,871,tau_r,5.684341886080802e-14,-8.656263264832737e-16,8.53e-14,Masked,1,26508
435639,FFT1DOnce,878,x1,-3.814697265625e-06,-1.4250019242042498e-07,8.53e-14,Masked,29,27227
88414,TwiddleOneCol,712,tx_c,-0.7787694691885014,1.0,2.84e-14,Masked,57,5525
283128,FFT1DOnce,870,x_c,3.814697265625e-06,-2.8163809910850828e-06,2.274e-13,Masked,33,17695
153873,FFT1DOnce,868,omega_c,0.0,0,8.53e-14,Masked,5,9617
299078,FFT1DOnce,871,tau_r,-5.960464477539063e-08,-9.731158258643245e-09,1.137e-13,Masked,25,18692
122680,FFT1DOnce,870,x_c,-9.5367431640625e-07,2.795973131165206e-06,9.536742596e-07,Masked,33,7667
313743,TwiddleOneCol,711,tx_r,4.702849917716028,-1.0,0.0,Masked,61,19608
423791,FFT1DOnce,873,x_r,-71.78284241180792,1.0,0.5608034563421995,SDC,61,26486
246805,FFT1DOnce,868,omega_c,0.0,0,8.53e-14,Masked,21,15425
290150,TwiddleOneCol,714,tx,-4.76837158203125e-07,1.1393136827935513e-08,2.84e-14,Masked,25,18134
272917,Transpose,804,dest,-9.313225746154785e-10,-6.901774793567182e-10,6.253e-13,Masked,21,17057
341512,FFT1DOnce,871,tau_r,3.814697265625e-06,-2.9041408480146658e-06,2.842e-13,Masked,33,21344
452402,FFT1DOnce,878,x1,-7.275957614183426e-12,1.896349652811194e-13,5.68e-14,Masked,9,28275
416267,FFT1DOnce,867,omega_r,2.9802322299999874e-08,-0.008113438117905675,1.137e-13,Masked,45,26016
100818,FFT1DOnce,872,tau_c,1.1368683772161603e-13,-1.7718491996329069e-13,8.53e-14,Masked,9,6301
160139,FFT1DOnce,875,x2,-0.0078125,0.008119171626486451,8.53e-14,Masked,45,10008
525405,Transpose,804,dest,-0.3733202085864785,0.9375000000000001,0.3733202085863923,SDC,53,32837
210421,FFT1DOnce,874,x_c,-9.313225746154785e-10,-4.822443841772576e-10,3.979e-13,Masked,21,13151
517903,FFT1DOnce,871,tau_r,-27.205796828562438,1.0,2.84e-14,Masked,61,32368
275344,FFT1DOnce,876,x2,1.7763568394002505e-15,8.822507895569116e-16,8.53e-14,Masked,1,17209
230040,FFT1DOnce,876,x2,1.52587890625e-05,2.2740674230338483e-06,3.411e-13,Masked,33,14377
402212,TwiddleOneCol,709,tomega_r,-1.4551915228366852e-11,3.236570996927594e-11,0.0,Masked,17,25138
488661,Scale,726,x,4.656612873077393e-10,4.83778274778965e-10,4.657466e-10,Masked,21,30541
200488,FFT1DOnce,877,x1,3.814697265625e-06,2.016484401786397e-06,1.99e-13,Masked,33,12530
510296,Reverse,832,x,1.52587890625e-05,-2.852092993343291e-06,8.53e-14,Masked,33,31893
161577,FFT1DOnce,869,x_r,0.0001220703125,5.333891408265575e-05,2.84e-14,Masked,37,10098
339426,FFT1DOnce,873,x_r,1.8189894035458565e-12,1.762538480170664e-13,2.558e-13,Masked,9,21214
510462,Reverse,833,x,1.2825111533310584e+20,1.8446744073709552e+19,254.16175798092712,SDC,57,31903
527636,Transpose,804,dest,3.637895540364866e-12,3.2434668028523363e-11,3.7232e-12,Masked,17,32977
163205,FFT1DOnce,875,x2,-9.313225746154785e-10,7.864291624137854e-10,3.979e-13,Masked,21,10200
130162,FFT1DOnce,870,x_c,-1.1368683772161603e-13,2.1927873666684566e-13,8.53e-14,Masked,9,8135
356780,FFT1DOnce,877,x1,-1.0,-0.14818272372693345,5.4e-13,Masked,49,22298
480173,FFT1DOnce,877,x1,-171.72926284047918,0.9375,0.6708174329705514,SDC,53,30010
355014,TwiddleOneCol,711,tx_r,2.384185791015625e-07,-1.1610796241946496e-08,0.0,Masked,25,22188
403163,TwiddleOneCol,715,tx,-0.5,0.012854398673293745,8.53e-14,Masked,45,25197
1348,Transpose,803,dest,1.4551915228366852e-11,5.1495578866204005e-11,1.46088e-11,Masked,17,84
2738,Transpose,804,dest,-5.689893001203927e-14,1.1434840904613535e-13,0.0,Masked,9,171
477121,FFT1DOnce,867,omega_r,0.0,-0.0,8.53e-14,Masked,5,29820
514428,FFT1DOnce,878,x1,32.0,0.2108174571496973,0.2500000000000568,SDC,49,32151
212572,FFT1DOnce,876,x2,-0.0001220703125,0.19701663626001736,5.68e-14,Masked,49,13285
179072,FFT1DOnce,871,tau_r,8.881784197001252e-16,-8.706187578756033e-16,8.53e-14,Masked,1,11192
178518,FFT1DOnce,872,tau_c,3.725290298461914e-09,1.1156601439317726e-08,1.421e-13,Masked,25,11157
23911,TwiddleOneCol,714,tx,7.450580596923828e-09,-1.77210668794214e-07,2.84e-14,Masked,29,1494
373530,FFT1DOnce,868,omega_c,0.0,0,8.53e-14,Masked,41,23345
187318,FFT1DOnce,870,x_c,1.8626451769865326e-09,-1.2580575335873338e-08,0.0,Masked,25,11707
413614,FFT1DOnce,869,x_r,1.6072213063159254e+20,1.8446744073709552e+19,226.14580483157332,SDC,57,25850
525058,Transpose,803,dest,5.678790770957676e-14,1.2227394338996747e-13,1.421e-13,Masked,9,32816
84702,FFT1DOnce,872,tau_c,-0.0582989254071159,1.0,8.53e-14,Masked,57,5293
26443,FFT1DOnce,867,omega_r,2.9802322299999874e-08,-0.008113438117905675,5.68e-14,Masked,45,1652
414671,FFT1DOnce,875,x2,23.423105572895953,-1.0,1.137e-13,Masked,61,25916
284486,FFT1DOnce,871,tau_r,-1.4901161193847656e-08,-1.3971487804870264e-08,3.126e-13,Masked,25,17780
282056,TwiddleOneCol,711,tx_r,0.00048828125,3.679416926881558e-06,3.05175782103e-05,Masked,33,17628
300290,FFT1DOnce,875,x2,-2.2737367544323206e-13,1.3096845010859145e-13,8.53e-14,Masked,9,18768
45972,FFT1DOnce,876,x2,-5.820766091346741e-11,-3.247683055199611e-11,8.53e-14,Masked,17,2873
143388,Transpose,804,dest,-2.0,0.19123036344159053,1.9999999999999147,SDC,49,8961
442182,FFT1DOnce,871,tau_r,2.384185791015625e-07,-1.1001835137798773e-08,8.53e-14,Masked,25,27636
503414,Reverse,833,x,2.9802322387695312e-08,-8.88307997465195e-09,2.84e-14,Masked,25,31463
393202,FFT1DOnce,874,x_c,-1.8189894035458565e-12,-1.5285583615289968e-13,1.137e-13,Masked,9,24575
259335,CopyColumn,819,dest,-4.76837158203125e-07,1.7145165527820952e-07,1.421e-13,Masked,29,16208
24312,TwiddleOneCol,715,tx,-7.62939453125e-06,2.891261749018045e-06,0.0,Masked,33,1519
7940,Transpose,803,dest,1.4552026250669314e-11,3.385914856388922e-11,1.46088e-11,Masked,17,496
229803,FFT1DOnce,873,x_r,0.0625,-0.010059850439458094,4.832e-13,Masked,45,14362
325788,FFT1DOnce,872,tau_c,-0.25,-0.2351663830286544,4.832e-13,Masked,49,20361
453669,Scale,725,x,7.276000982270325e-12,7.403777843219272e-10,7.3612e-12,Masked,21,28354
330772,TwiddleOneCol,715,tx,-4.656612873077393e-10,3.679756163909444e-11,1.137e-13,Masked,17,20673
170952,FFT1DOnce,867,omega_r,9.5367431640625e-07,-2.492043460771499e-06,5.684e-13,Masked,33,10684
278282,FFT1DOnce,867,omega_r,-1.8626451999999943e-09,-0.0005070898976827071,8.53e-14,Masked,41,17392
294652,FFT1DOnce,870,x_c,-1.0,0.17088851928309823,2.842e-13,Masked,49,18415
326626,FFT1DOnce,877,x1,5.678790770957676e-14,-1.1844931696640266e-13,8.53e-14,Masked,9,20414
289870,TwiddleOneCol,714,tx,2.5672761786247093e+20,1.8446744073709552e+19,377.1172816592839,SDC,57,18116
243468,Reverse,832,x,-0.25,-0.20865313467560562,0.0,Masked,49,15216
413914,FFT1DOnce,876,x2,-0.125,0.0009280974901167456,0.0019531249999147,Masked,41,25869
215726,FFT1DOnce,869,x_r,-3.860412422717285e+19,-1.8446744073709552e+19,159.94696235180453,SDC,57,13482
194548,FFT1DOnce,878,x1,-1.1641532182693481e-10,3.7229817000822316e-11,2.274e-13,Masked,17,12159
157890,FFT1DOnce,867,omega_r,-5.678790770957676e-14,-1.483923092233741e-13,1.137e-13,Masked,9,9868
323207,FFT1DOnce,867,omega_r,2.384185791015625e-07,2.384185791015625e-07,1.705e-13,Masked,29,20200
12362,FFT1DOnce,875,x2,-0.0009765625,-0.0005819759434488923,8.53e-14,Masked,41,772
222409,FFT1DOnce,867,omega_r,-3.0517578125e-05,3.3032001098803873e-05,5.4e-13,Masked,37,13900
212760,FFT1DOnce,876,x2,-9.536743163507388e-07,-2.0391153007373885e-06,2.842e-13,Masked,33,13297
349927,FFT1DOnce,869,x_r,-1.9073486328125e-06,-2.1996179270010392e-07,4.547e-13,Masked,29,21870
448432,FFT1DOnce,870,x_c,-1.7763568394002505e-15,5.510487267132789e-16,8.53e-14,Masked,1,28027
393660,FFT1DOnce,878,x1,-4.0,-0.22221890241709133,1.705e-13,Masked,49,24603
522431,FFT1DOnce,878,x1,-111.59619509828735,1.0,0.4359226371026068,SDC,61,32651
142766,Transpose,803,dest,-0.7956703214550365,1.0,1.137e-13,Masked,57,8922
513699,FFT1DOnce,869,x_r,-5.820766091346741e-11,-2.491529046725263e-12,8.53e-14,Masked,13,32106
217209,FFT1DOnce,878,x1,0.000244140625,-4.158390226187048e-05,0.0,Masked,37,13575
141500,Transpose,804,dest,-0.0625,0.1871767121733444,1.137e-13,Masked,49,8843
388648,FFT1DOnce,877,x1,-3.0517578125e-05,2.803498401000641e-06,3.979e-13,Masked,33,24290
436690,FFT1DOnce,872,tau_c,7.275957614183426e-12,2.0523815204876548e-13,8.53e-14,Masked,9,27293
103413,FFT1DOnce,878,x1,4.656612873077393e-10,-5.366983393260667e-10,2.84e-14,Masked,21,6463
102070,FFT1DOnce,878,x1,-5.960464477539063e-08,8.218314090363894e-09,5.96045595e-08,Masked,25,6379
205088,FFT1DOnce,877,x1,-1.7763568394002505e-15,-8.088471251804448e-16,8.53e-14,Masked,1,12818
428604,FFT1DOnce,878,x1,-8.0,-0.1561030098500336,8.53e-14,Masked,49,26787
826,Transpose,804,dest,0.000244140625,0.0005929873430575565,0.0002441406250284,Masked,41,51
44831,FFT1DOnce,876,x2,2.2507864036876404e+307,inf,nan,DUE,61,2801
201510,FFT1DOnce,869,x_r,3.725290298461914e-09,7.887630755135336e-09,3.126e-13,Masked,25,12594
45018,FFT1DOnce,876,x2,0.00048828125,0.0007666737496447559,5.68e-14,Masked,41,2813
436390,FFT1DOnce,877,x1,-1.9073486328125e-06,1.1926518815377213e-08,1.49010759e-08,Masked,25,27274
67664,FFT1DOnce,876,x2,4.440892098500626e-16,-5.553788013095583e-16,8.53e-14,Masked,1,4229
237434,FFT1DOnce,870,x_c,-0.001953125,-0.0008196535298307508,5.68e-14,Masked,41,14839
375819,FFT1DOnce,867,omega_r,2.9802322299999874e-08,-0.008113438117905675,1.705e-13,Masked,45,23488
371850,FFT1DOnce,871,tau_r,-0.0009765625,0.0005134999164746811,2.842e-13,Masked,41,23240
79371,TwiddleOneCol,711,tx_r,-0.0078125,0.008981671034897908,1.137e-13,Masked,45,4960
441245,FFT1DOnce,872,tau_c,435.3160860623826,14.999999999999998,1.421e-13,Masked,53,27577
353537,TwiddleOneCol,709,tomega_r,1.4210854715202004e-14,1.4210854715202004e-14,8.53e-14,Masked,5,22096
7338,Transpose,803,dest,-0.00048828125,0.0005787229436454645,0.0004882812499432,Masked,41,458
514108,FFT1DOnce,870,x_c,-1.0,-0.1428962603814027,1.137e-13,Masked,49,32131
7599,Transpose,803,dest,2.928081063483652e+307,inf,nan,DUE,61,474
441372,FFT1DOnce,868,omega_c,0.0,0,8.53e-14,Masked,49,27585
442148,FFT1DOnce,869,x_r,-9.313225746154785e-10,-4.2975918507026456e-11,8.53e-14,Masked,17,27634
205464,FFT1DOnce,876,x2,-1.9073486328125e-06,2.6344935779924095e-06,1.137e-13,Masked,33,12841
497461,FFT1DOnce,878,x1,7.450580596923828e-09,4.764326584991963e-10,5.68e-14,Masked,21,31091
268350,Transpose,804,dest,2.1255276347826284e+20,1.8446744073709552e+19,255.94696235180453,SDC,57,16771
307723,FFT1DOnce,871,tau_r,-0.015625,-0.01059230757140147,2.842e-13,Masked,45,19232
126826,FFT1DOnce,877,x1,0.00048828125,-0.0005058099562034792,8.53e-14,Masked,41,7926
280983,TwiddleOneCol,710,tomega_c,0.0,0,8.53e-14,Masked,29,17561
251433,Transpose,803,dest,0.00048828125,5.72409596392024e-05,1.137e-13,Masked,37,15714
239279,FFT1DOnce,877,x1,nan,nan,nan,DUE,61,14954
382860,FFT1DOnce,875,x2,2.0,0.15995186709866463,1.421e-13,Masked,49,23928
1694,Transpose,804,dest,-0.3649561097682863,1.0,0.364956109768201,SDC,57,105
48460,TwiddleOneCol,711,tx_r,0.0625,0.24529526939001936,1.421e-13,Masked,49,3028
257715,Transpose,804,dest,-7.275957614183426e-12,-2.5398986854104208e-12,1.421e-13,Masked,13,16107
147593,FFT1DOnce,871,tau_r,3.0517578125e-05,-4.906316328196946e-05,1.137e-13,Masked,37,9224
103571,TwiddleOneCol,712,tx_c,1.8189894035458565e-12,-2.0062212105707864e-12,0.0,Masked,13,6473
149572,FFT1DOnce,875,x2,-1.1641532182693481e-10,-5.2719298115294193e-11,1.421e-13,Masked,17,9348
513656,FFT1DOnce,878,x1,-6.103515625e-05,3.1955093563879756e-06,8.53e-14,Masked,33,32103
60509,FFT1DOnce,872,tau_c,1.3150623880529195,-0.9375,8.53e-14,Masked,53,3781
177653,FFT1DOnce,878,x1,3.725290298461914e-09,-7.800699010517287e-10,4.547e-13,Masked,21,11103
314108,TwiddleOneCol,710,tomega_c,0.125,0.16170517164200007,2.84e-14,Masked,49,19631
190005,FFT1DOnce,870,x_c,1.862645149230957e-09,-8.104561781291642e-10,5.4e-13,Masked,21,11875
218185,FFT1DOnce,867,omega_r,6.103515625e-05,6.103515625e-05,1.137e-13,Masked,37,13636
272548,Transpose,803,dest,1.4551915228366852e-11,-2.985192290751594e-11,2.558e-13,Masked,17,17034
421563,FFT1DOnce,878,x1,0.25,0.01422522545836663,8.53e-14,Masked,45,26347
538475,CopyColumn,819,dest,3.0517578125e-05,0.010101084999544215,3.05175782103e-05,Masked,45,33654
90282,FFT1DOnce,873,x_r,-0.00048828125,0.0008312073544788001,0.0004882812499716,Masked,41,5642
67838,FFT1DOnce,874,x_c,-0.5933094175324953,1.0,0.5933094175324527,SDC,57,4239
29415,FFT1DOnce,873,x_r,-4.76837158203125e-07,1.6466979284708143e-07,4.768370729e-07,Masked,29,1838
232900,FFT1DOnce,875,x2,2.9103830456733704e-11,-3.048154275019235e-11,3.695e-13,Masked,17,14556
159201,FFT1DOnce,877,x1,7.105427357601002e-15,-1.1790438775847636e-14,8.53e-14,Masked,5,9950
76517,FFT1DOnce,877,x1,-9.313225746154785e-10,7.773876939923894e-10,8.53e-14,Masked,21,4782
457905,FFT1DOnce,878,x1,-1.8189894035458565e-12,1.0027377207332053e-14,8.53e-14,Masked,5,28619
187603,FFT1DOnce,876,x2,-4.547195953108485e-13,-2.5061255688087993e-12,1.99e-13,Masked,13,11725
303325,FFT1DOnce,872,tau_c,116.46990172836314,14.999999999999998,1.99e-13,Masked,53,18957
185416,FFT1DOnce,871,tau_r,-3.814697265625e-06,-1.950457577099068e-06,1.137e-13,Masked,33,11588
258030,Transpose,803,dest,-8.443150771626836e+19,-1.8446744073709552e+19,8831.946962351805,SDC,57,16126
492870,FFT1DOnce,875,x2,1.9073486328125e-06,8.625370936162626e-09,1.49012465e-08,Masked,25,30804
387496,Reverse,833,x,-3.814697265625e-06,-3.1622469388788354e-06,1.705e-13,Masked,33,24218
352856,FFT1DOnce,872,tau_c,6.103515625e-05,-3.6969781104830937e-06,1.421e-13,Masked,33,22053
184978,FFT1DOnce,868,omega_c,0.0,0,8.53e-14,Masked,9,11561
505478,FFT1DOnce,867,omega_r,1.4901161193847656e-08,1.4901161193847656e-08,2.84e-14,Masked,25,31592
129543,FFT1DOnce,867,omega_r,2.384185791015625e-07,2.384185791015625e-07,3.33880223e-07,Masked,29,8096
357172,FFT1DOnce,878,x1,1.1641532182693481e-10,-4.097127673009439e-11,2.842e-13,Masked,17,22323
315423,FFT1DOnce,872,tau_c,4.152967394328076,-1.0,3.979e-13,Masked,61,19713
